anime_id,name,genre,type,episodes,members
32281,Kimi no Na wa.,"Drama, Romance, School, Supernatural",Movie,1,200630
5114,Fullmetal Alchemist: Brotherhood,"Action, Adventure, Drama, Fantasy, Magic, Military, Shounen",TV,64,793665
28977,Gintama°,"Action, Comedy, Historical, Parody, Samurai, Sci-Fi, Shounen",TV,51,114262
9253,Steins;Gate,"Sci-Fi, Thriller",TV,24,673572
9969,Gintama&#039;,"Action, Comedy, Historical, Parody, Samurai, Sci-Fi, Shounen",TV,51,151266
32935,Haikyuu!!: Karasuno Koukou VS Shiratorizawa Gakuen Koukou,"Comedy, Drama, School, Shounen, Sports",TV,10,93351
11061,Hunter x Hunter (2011),"Action, Adventure, Shounen, Super Power",TV,148,425855
820,Ginga Eiyuu Densetsu,"Drama, Military, Sci-Fi, Space",OVA,110,80679
15335,Gintama Movie: Kanketsu-hen - Yorozuya yo Eien Nare,"Action, Comedy, Historical, Parody, Samurai, Sci-Fi, Shounen",Movie,1,72534
15417,Gintama&#039;: Enchousen,"Action, Comedy, Historical, Parody, Samurai, Sci-Fi, Shounen",TV,13,81109
4181,Clannad: After Story,"Drama, Fantasy, Romance, Slice of Life, Supernatural",TV,24,456749
28851,Koe no Katachi,"Drama, School, Shounen",Movie,1,102733
918,Gintama,"Action, Comedy, Historical, Parody, Samurai, Sci-Fi, Shounen",TV,201,336376
2904,Code Geass: Hangyaku no Lelouch R2,"Action, Drama, Mecha, Military, Sci-Fi, Super Power",TV,25,572888
28891,Haikyuu!! Second Season,"Comedy, Drama, School, Shounen, Sports",TV,25,179342
199,Sen to Chihiro no Kamikakushi,"Adventure, Drama, Supernatural",Movie,1,466254
23273,Shigatsu wa Kimi no Uso,"Drama, Music, Romance, School, Shounen",TV,22,416397
24701,Mushishi Zoku Shou 2nd Season,"Adventure, Fantasy, Historical, Mystery, Seinen, Slice of Life, Supernatural",TV,10,75894
12355,Ookami Kodomo no Ame to Yuki,"Fantasy, Slice of Life",Movie,1,226193
1575,Code Geass: Hangyaku no Lelouch,"Action, Mecha, Military, School, Sci-Fi, Super Power",TV,25,715151
263,Hajime no Ippo,"Comedy, Drama, Shounen, Sports",TV,75,157670
44,Rurouni Kenshin: Meiji Kenkaku Romantan - Tsuioku-hen,"Action, Drama, Historical, Martial Arts, Romance, Samurai",OVA,4,129307
1,Cowboy Bebop,"Action, Adventure, Comedy, Drama, Sci-Fi, Space",TV,26,486824
30276,One Punch Man,"Action, Comedy, Parody, Sci-Fi, Seinen, Super Power, Supernatural",TV,12,552458
164,Mononoke Hime,"Action, Adventure, Fantasy",Movie,1,339556
7311,Suzumiya Haruhi no Shoushitsu,"Comedy, Mystery, Romance, School, Sci-Fi, Supernatural",Movie,1,240297
17074,Monogatari Series: Second Season,"Comedy, Mystery, Romance, Supernatural, Vampire",TV,26,205959
21939,Mushishi Zoku Shou,"Adventure, Fantasy, Historical, Mystery, Seinen, Slice of Life, Supernatural",TV,10,101351
457,Mushishi,"Adventure, Fantasy, Historical, Mystery, Seinen, Slice of Life, Supernatural",TV,26,300030
2001,Tengen Toppa Gurren Lagann,"Action, Adventure, Comedy, Mecha, Sci-Fi",TV,27,562962
245,Great Teacher Onizuka,"Comedy, Drama, School, Shounen, Slice of Life",TV,43,268487
32983,Natsume Yuujinchou Go,"Drama, Fantasy, Shoujo, Slice of Life, Supernatural",TV,13,38865
5258,Hajime no Ippo: New Challenger,"Comedy, Drama, Shounen, Sports",TV,26,88995
28957,Mushishi Zoku Shou: Suzu no Shizuku,"Adventure, Fantasy, Historical, Mystery, Seinen, Slice of Life, Supernatural",Movie,1,32266
11665,Natsume Yuujinchou Shi,"Drama, Fantasy, Shoujo, Slice of Life, Supernatural",TV,13,98431
431,Howl no Ugoku Shiro,"Adventure, Drama, Fantasy, Romance",Movie,1,333186
11741,Fate/Zero 2nd Season,"Action, Fantasy, Supernatural, Thriller",TV,12,340973
31757,Kizumonogatari II: Nekketsu-hen,"Action, Mystery, Supernatural, Vampire",Movie,1,34347
19,Monster,"Drama, Horror, Mystery, Police, Psychological, Seinen, Thriller",TV,74,247562
12365,Bakuman. 3rd Season,"Comedy, Drama, Romance, Shounen",TV,25,133620
1535,Death Note,"Mystery, Police, Psychological, Supernatural, Thriller",TV,37,1013917
32366,Gintama°: Aizome Kaori-hen,"Comedy, Parody",OVA,2,16947
30654,Ansatsu Kyoushitsu (TV) 2nd Season,"Action, Comedy, School, Shounen",TV,25,176475
20583,Haikyuu!!,"Comedy, Drama, School, Shounen, Sports",TV,25,284498
19647,Hajime no Ippo: Rising,"Comedy, Drama, Shounen, Sports",TV,25,66756
4282,Kara no Kyoukai 5: Mujun Rasen,"Action, Drama, Mystery, Romance, Supernatural, Thriller",Movie,1,111074
10379,Natsume Yuujinchou San,"Drama, Fantasy, Shoujo, Slice of Life, Supernatural",TV,13,102322
22135,Ping Pong The Animation,"Psychological, Seinen, Sports",TV,11,97187
21329,Mushishi Special: Hihamukage,"Adventure, Fantasy, Historical, Mystery, Seinen, Slice of Life, Supernatural",Special,1,49036
31043,Boku dake ga Inai Machi,"Mystery, Psychological, Seinen, Supernatural",TV,12,402381
7785,Yojouhan Shinwa Taikei,"Mystery, Psychological, Romance",TV,11,122531
3297,Aria The Origination,"Fantasy, Sci-Fi, Shounen, Slice of Life",TV,13,56162
30709,Kamisama Hajimemashita: Kako-hen,"Comedy, Demons, Fantasy, Shoujo, Supernatural",OVA,4,33422
6114,Rainbow: Nisha Rokubou no Shichinin,"Drama, Historical, Seinen, Thriller",TV,26,139474
31240,Re:Zero kara Hajimeru Isekai Seikatsu,"Drama, Fantasy, Psychological, Thriller",TV,25,355839
4565,Tengen Toppa Gurren Lagann Movie: Lagann-hen,"Action, Mecha, Sci-Fi, Space, Super Power",Movie,1,82253
5300,Zoku Natsume Yuujinchou,"Drama, Fantasy, Shoujo, Slice of Life, Supernatural",TV,13,114173
9989,Ano Hi Mita Hana no Namae wo Bokutachi wa Mada Shiranai.,"Drama, Slice of Life, Supernatural",TV,11,463835
24415,Kuroko no Basket 3rd Season,"Comedy, School, Shounen, Sports",TV,25,184525
11577,Steins;Gate Movie: Fuka Ryouiki no Déjà vu,"Sci-Fi, Thriller",Movie,1,192424
10408,Hotarubi no Mori e,"Drama, Romance, Shoujo, Supernatural",Movie,1,197439
28171,Shokugeki no Souma,"Ecchi, School, Shounen",TV,24,348951
32995,Yuri!!! on Ice,"Comedy, Sports",TV,12,103178
21899,Gintama: Yorinuki Gintama-san on Theater 2D,"Action, Comedy, Historical, Parody, Samurai, Sci-Fi, Shounen",Movie,2,11104
26055,JoJo no Kimyou na Bouken: Stardust Crusaders 2nd Season,"Action, Adventure, Drama, Shounen, Supernatural",TV,24,93657
7472,Gintama Movie: Shinyaku Benizakura-hen,"Action, Comedy, Historical, Parody, Samurai, Sci-Fi, Shounen",Movie,1,51185
777,Hellsing Ultimate,"Action, Horror, Military, Seinen, Supernatural, Vampire",OVA,10,297454
22535,Kiseijuu: Sei no Kakuritsu,"Action, Drama, Horror, Psychological, Sci-Fi, Seinen",TV,24,425457
28735,Shouwa Genroku Rakugo Shinjuu,"Drama, Historical, Josei",TV,13,71295
12431,Uchuu Kyoudai,"Comedy, Sci-Fi, Seinen, Slice of Life, Space",TV,99,72958
28805,Bakemono no Ko,"Adventure, Supernatural",Movie,1,80825
578,Hotaru no Haka,"Drama, Historical",Movie,1,174878
16894,Kuroko no Basket 2nd Season,"Comedy, School, Shounen, Sports",TV,25,243325
5028,Major S5,"Comedy, Drama, Romance, Sports",TV,25,28653
21,One Piece,"Action, Adventure, Comedy, Drama, Fantasy, Shounen, Super Power",TV,Unknown,504862
801,Ghost in the Shell: Stand Alone Complex 2nd GIG,"Action, Mecha, Military, Mystery, Police, Sci-Fi, Seinen",TV,26,113993
31933,JoJo no Kimyou na Bouken: Diamond wa Kudakenai,"Action, Adventure, Comedy, Drama, Shounen, Supernatural",TV,39,74074
5205,Kara no Kyoukai 7: Satsujin Kousatsu (Kou),"Action, Mystery, Romance, Supernatural, Thriller",Movie,1,95658
17389,Kingdom 2nd Season,"Action, Historical, Military, Seinen",TV,39,31234
170,Slam Dunk,"Comedy, Drama, School, Shounen, Sports",TV,101,82570
10162,Usagi Drop,"Josei, Slice of Life",TV,11,194855
18617,Girls und Panzer der Film,"Military, School",Movie,1,25641
32182,Mob Psycho 100,"Action, Comedy, Slice of Life, Supernatural",TV,12,193716
877,Nana,"Comedy, Drama, Music, Romance, Shoujo, Slice of Life",TV,47,197256
2251,Baccano!,"Action, Comedy, Historical, Mystery, Seinen, Supernatural",TV,13,363215
24687,Mushishi Zoku Shou: Odoro no Michi,"Adventure, Fantasy, Historical, Mystery, Seinen, Slice of Life, Supernatural",Special,1,34011
16498,Shingeki no Kyojin,"Action, Drama, Fantasy, Shounen, Super Power",TV,25,896229
10030,Bakuman. 2nd Season,"Comedy, Drama, Romance, Shounen",TV,25,151561
5941,Cross Game,"Comedy, Drama, Romance, School, Sports",TV,50,53108
30346,Doukyuusei (Movie),"Romance, School, Shounen Ai, Slice of Life",Movie,1,28864
3784,Evangelion: 2.0 You Can (Not) Advance,"Action, Mecha, Sci-Fi",Movie,1,182224
13125,Shinsekai yori,"Drama, Horror, Mystery, Sci-Fi, Supernatural",TV,25,288376
12029,Uchuu Senkan Yamato 2199,"Action, Drama, Military, Sci-Fi, Space",OVA,26,44223
14397,Chihayafuru 2,"Drama, Game, Josei, Slice of Life, Sports",TV,25,86074
10087,Fate/Zero,"Action, Fantasy, Supernatural",TV,13,453630
14719,JoJo no Kimyou na Bouken (TV),"Action, Adventure, Shounen, Supernatural, Vampire",TV,26,190197
9756,Mahou Shoujo Madoka★Magica,"Drama, Magic, Psychological, Thriller",TV,12,462974
10165,Nichijou,"Comedy, School, Slice of Life",TV,26,254436
13601,Psycho-Pass,"Action, Police, Psychological, Sci-Fi",TV,22,509109
22789,Barakamon,"Comedy, Slice of Life",TV,12,225927
30230,Diamond no Ace: Second Season,"Comedy, School, Shounen, Sports",TV,51,38531
18115,Magi: The Kingdom of Magic,"Action, Adventure, Fantasy, Magic, Shounen",TV,25,245026
11981,Mahou Shoujo Madoka★Magica Movie 3: Hangyaku no Monogatari,"Drama, Magic, Psychological, Thriller",Movie,1,135735
11917,Major: World Series,"Comedy, Drama, Sports",OVA,2,13405
205,Samurai Champloo,"Action, Adventure, Comedy, Historical, Samurai, Shounen",TV,26,390076
32282,Shokugeki no Souma: Ni no Sara,"Ecchi, School, Shounen",TV,13,185015
6594,Katanagatari,"Action, Adventure, Historical, Martial Arts, Romance",TV,12,207241
11979,Mahou Shoujo Madoka★Magica Movie 2: Eien no Monogatari,"Drama, Magic, Psychological, Thriller",Movie,1,85361
7655,Major S6,"Comedy, Drama, Sports",TV,25,24788
2246,Mononoke,"Demons, Fantasy, Historical, Horror, Mystery, Seinen, Supernatural",TV,12,88850
25835,Shirobako,"Comedy, Drama",TV,24,146895
2921,Ashita no Joe 2,"Drama, Sports",TV,47,6259
136,Hunter x Hunter,"Action, Adventure, Shounen, Super Power",TV,62,166255
30503,Noragami Aragoto,"Action, Adventure, Shounen, Supernatural",TV,13,299434
12531,Sakamichi no Apollon,"Drama, Josei, Music, Romance, School",TV,12,146592
523,Tonari no Totoro,"Adventure, Comedy, Supernatural",Movie,1,271484
467,Ghost in the Shell: Stand Alone Complex,"Action, Mecha, Military, Police, Sci-Fi, Seinen",TV,26,194491
572,Kaze no Tani no Nausicaä,"Adventure, Fantasy",Movie,1,143273
19815,No Game No Life,"Adventure, Comedy, Ecchi, Fantasy, Game, Supernatural",TV,12,602291
2559,Romeo no Aoi Sora,"Adventure, Drama, Historical, Slice of Life",TV,33,15074
392,Yuu☆Yuu☆Hakusho,"Action, Comedy, Demons, Fantasy, Martial Arts, School, Shounen",TV,112,195017
486,Kino no Tabi: The Beautiful World,"Action, Adventure, Slice of Life",TV,13,102822
11771,Kuroko no Basket,"Comedy, School, Shounen, Sports",TV,25,338315
1698,Nodame Cantabile,"Comedy, Drama, Josei, Music, Romance, Slice of Life",TV,23,157025
5341,Ookami to Koushinryou II,"Adventure, Fantasy, Historical, Romance",TV,12,210491
25781,Shingeki no Kyojin: Kuinaki Sentaku,"Action, Fantasy, Shoujo, Supernatural",OVA,2,92543
10863,Steins;Gate: Oukoubakko no Poriomania,"Sci-Fi, Thriller",Special,1,159548
28701,Fate/stay night: Unlimited Blade Works 2nd Season,"Action, Fantasy, Magic, Shounen, Supernatural",TV,13,205987
5420,Kemono no Souja Erin,"Drama, Fantasy",TV,50,36751
9260,Kizumonogatari I: Tekketsu-hen,"Mystery, Supernatural, Vampire",Movie,1,99579
32,Neon Genesis Evangelion: The End of Evangelion,"Dementia, Drama, Mecha, Psychological, Sci-Fi",Movie,1,215630
4224,Toradora!,"Comedy, Romance, School, Slice of Life",TV,25,633817
2236,Toki wo Kakeru Shoujo,"Adventure, Drama, Romance, Sci-Fi",Movie,1,289206
2685,Tsubasa: Tokyo Revelations,"Action, Adventure, Drama, Fantasy, Romance, Shounen",OVA,3,57963
31181,Owarimonogatari,"Comedy, Mystery, Supernatural",TV,12,107855
45,Rurouni Kenshin: Meiji Kenkaku Romantan,"Action, Adventure, Comedy, Historical, Romance, Samurai",TV,94,218928
2418,Stranger: Mukou Hadan,"Action, Adventure, Historical, Samurai",Movie,1,125503
1365,Detective Conan Movie 06: The Phantom of Baker Street,"Adventure, Mystery, Police, Shounen",Movie,1,28462
22297,Fate/stay night: Unlimited Blade Works,"Action, Fantasy, Magic, Shounen, Supernatural",TV,12,267484
627,Major S1,"Comedy, Drama, Shounen, Sports",TV,26,41061
10937,Mobile Suit Gundam: The Origin,"Action, Mecha, Military, Sci-Fi, Shounen, Space",OVA,6,15420
23755,Nanatsu no Taizai,"Action, Adventure, Ecchi, Fantasy, Shounen, Supernatural",TV,24,331627
4081,Natsume Yuujinchou,"Drama, Fantasy, Shoujo, Slice of Life, Supernatural",TV,13,210736
4155,One Piece Film: Strong World,"Action, Adventure, Comedy, Drama, Fantasy, Shounen",Movie,1,85020
1889,Higurashi no Naku Koro ni Kai,"Mystery, Psychological, Supernatural, Thriller",TV,24,218101
137,Hunter x Hunter OVA,"Action, Adventure, Shounen, Super Power",OVA,8,53168
139,Hunter x Hunter: Greed Island Final,"Action, Adventure, Shounen, Super Power",OVA,14,55787
23317,Kuroshitsuji: Book of Murder,"Comedy, Demons, Fantasy, Historical, Mystery, Shounen, Supernatural",OVA,2,67261
558,Major S2,"Comedy, Drama, Shounen, Sports",TV,26,30689
5040,One Outs,"Psychological, Seinen, Sports",TV,25,83056
57,Beck,"Comedy, Drama, Music, Shounen, Slice of Life",TV,26,148328
33,Berserk,"Action, Adventure, Demons, Drama, Fantasy, Horror, Military, Romance, Seinen, Supernatural",TV,25,226430
5,Cowboy Bebop: Tengoku no Tobira,"Action, Drama, Mystery, Sci-Fi, Space",Movie,1,137636
1842,Major S3,"Drama, Shounen, Sports",TV,26,29528
6336,Mobile Suit Gundam Unicorn,"Action, Drama, Mecha, Military, Sci-Fi, Space",OVA,7,42076
20651,Natsume Yuujinchou: Itsuka Yuki no Hi ni,"Drama, Fantasy, Shoujo, Slice of Life, Supernatural",OVA,1,28302
1210,NHK ni Youkoso!,"Comedy, Drama, Psychological, Romance",TV,24,291228
338,Rose of Versailles,"Adventure, Drama, Historical, Romance, Shoujo",TV,40,32188
13759,Sakurasou no Pet na Kanojo,"Comedy, Drama, Romance, School, Slice of Life",TV,24,380375
6547,Angel Beats!,"Action, Comedy, Drama, School, Supernatural",TV,13,717796
5081,Bakemonogatari,"Mystery, Romance, Supernatural, Vampire",TV,15,482268
32867,Bungou Stray Dogs 2nd Season,"Mystery, Seinen, Supernatural",TV,12,83641
264,Hajime no Ippo: Champion Road,"Comedy, Shounen, Sports",Special,1,47840
12859,One Piece Film: Z,"Action, Adventure, Comedy, Drama, Fantasy, Shounen",Movie,1,76051
853,Ouran Koukou Host Club,"Comedy, Harem, Romance, School, Shoujo",TV,26,422271
5460,Detective Conan Movie 13: The Raven Chaser,"Action, Mystery, Police, Shounen",Movie,1,21798
6746,Durarara!!,"Action, Mystery, Supernatural",TV,24,556431
5690,Nodame Cantabile Finale,"Comedy, Josei, Music, Romance",TV,11,67697
329,Planetes,"Drama, Romance, Sci-Fi, Seinen, Space",TV,26,105044
34240,Shelter,"Music, Sci-Fi",Music,1,71136
513,Tenkuu no Shiro Laputa,"Adventure, Fantasy, Romance, Sci-Fi",Movie,1,151061
6945,Gintama: Shiroyasha Koutan,"Action, Comedy, Historical, Parody, Sci-Fi",Special,1,27213
1142,Hachimitsu to Clover II,"Drama, Josei, Romance",TV,12,61493
6811,InuYasha: Kanketsu-hen,"Action, Adventure, Comedy, Demons, Fantasy, Magic, Romance, Shounen, Supernatural",TV,26,99128
16664,Kaguya-hime no Monogatari,"Fantasy, Historical",Movie,1,45547
1604,Katekyo Hitman Reborn!,"Action, Comedy, Shounen, Super Power",TV,203,258103
22145,Kuroshitsuji: Book of Circus,"Comedy, Demons, Fantasy, Historical, Shounen, Supernatural",TV,10,122895
2966,Ookami to Koushinryou,"Adventure, Fantasy, Historical, Romance",TV,13,334932
31964,Boku no Hero Academia,"Action, Comedy, School, Shounen, Super Power",TV,13,282002
19363,Gin no Saji 2nd Season,"Comedy, School, Shounen, Slice of Life",TV,11,67032
18195,Little Busters!: Refrain,"Comedy, Drama, Romance, School, Slice of Life, Supernatural",TV,13,71820
9890,Major: Message,"Comedy, Drama, Sports",OVA,1,12282
9130,Saint Seiya: The Lost Canvas - Meiou Shinwa 2,"Action, Adventure, Martial Arts, Shounen, Super Power, Supernatural",OVA,13,27532
9863,SKET Dance,"Comedy, School, Shounen",TV,77,101027
7674,Bakuman.,"Comedy, Romance, Shounen",TV,25,246899
11843,Danshi Koukousei no Nichijou,"Comedy, School, Shounen, Slice of Life",TV,12,258914
16782,Kotonoha no Niwa,"Drama, Psychological, Romance, Slice of Life",Movie,1,189741
28675,Kyoukai no Kanata Movie: I&#039;ll Be Here - Mirai-hen,"Fantasy, Slice of Life, Supernatural",Movie,1,59815
3226,Major S4,"Comedy, Drama, Shounen, Sports",TV,26,28002
21557,Omoide no Marnie,"Drama, Mystery, Psychological",Movie,1,53590
31715,Working!!!: Lord of the Takanashi,"Comedy, Romance, Slice of Life",Special,1,31856
43,Ghost in the Shell,"Action, Mecha, Police, Psychological, Sci-Fi, Seinen",Movie,1,223036
9617,K-On! Movie,"Comedy, Music, Slice of Life",Movie,1,115252
31051,Kuroko no Basket: Saikou no Present Desu,"Action, School, Shounen, Sports",Special,1,22900
10153,Mahou Shoujo Lyrical Nanoha: The Movie 2nd A&#039;s,"Action, Comedy, Drama, Magic, Super Power",Movie,1,13315
1033,Sennen Joyuu,"Action, Adventure, Drama, Fantasy, Historical, Romance",Movie,1,58492
32188,Steins;Gate: Kyoukaimenjou no Missing Link - Divide By Zero,"Sci-Fi, Thriller",Special,1,38147
3091,xxxHOLiC Kei,"Comedy, Drama, Mystery, Psychological, Supernatural",TV,13,74941
12115,Berserk: Ougon Jidai-hen III - Kourin,"Action, Adventure, Demons, Drama, Fantasy, Horror, Military, Seinen, Supernatural",Movie,1,65594
28223,Death Parade,"Drama, Game, Mystery, Psychological, Thriller",TV,12,383914
121,Fullmetal Alchemist,"Action, Adventure, Comedy, Drama, Fantasy, Magic, Military, Shounen",TV,51,600384
3002,Gyakkyou Burai Kaiji: Ultimate Survivor,"Game, Psychological, Seinen, Thriller",TV,26,98996
138,Hunter x Hunter: Greed Island,"Action, Adventure, Shounen, Super Power",OVA,8,57029
6675,Redline,"Action, Cars, Sci-Fi, Sports",Movie,1,109392
10800,Chihayafuru,"Drama, Game, Josei, Slice of Life, Sports",TV,25,158561
32005,Detective Conan Movie 20: The Darkest Nightmare,"Action, Mystery, Police, Shounen",Movie,1,6229
813,Dragon Ball Z,"Action, Adventure, Comedy, Fantasy, Martial Arts, Shounen, Super Power",TV,291,375662
27821,Fate/stay night: Unlimited Blade Works - Prologue,"Action, Fantasy, Magic, Shounen, Supernatural",Special,1,106382
28725,Kokoro ga Sakebitagatterunda.,"Drama, Romance, School",Movie,1,59652
585,Mimi wo Sumaseba,"Adventure, Drama, Fantasy, Romance, Slice of Life",Movie,1,94435
16067,Nagi no Asukara,"Drama, Fantasy, Romance",TV,26,224947
30,Neon Genesis Evangelion,"Action, Dementia, Drama, Mecha, Psychological, Sci-Fi",TV,26,461946
31490,One Piece Film: Gold,"Action, Adventure, Comedy, Drama, Fantasy, Shounen",Movie,1,18642
759,Tokyo Godfathers,"Comedy, Drama",Movie,1,89424
6,Trigun,"Action, Comedy, Sci-Fi",TV,26,283069
6864,xxxHOLiC Rou,"Mystery, Supernatural",OVA,2,36353
9735,Gintama: Shinyaku Benizakura-hen,"Action, Comedy, Historical, Parody, Samurai, Sci-Fi, Shounen",Special,1,14002
11977,Mahou Shoujo Madoka★Magica Movie 1: Hajimari no Monogatari,"Drama, Magic, Psychological, Thriller",Movie,1,88164
11123,Sekaiichi Hatsukoi 2,"Comedy, Drama, Romance, Shounen Ai",TV,12,69253
23847,Yahari Ore no Seishun Love Comedy wa Machigatteiru. Zoku,"Comedy, Drama, Romance, School",TV,13,222994
33161,Yahari Ore no Seishun Love Comedy wa Machigatteiru. Zoku OVA,"Comedy, Romance, School",OVA,1,35120
962,Aria The Natural,"Fantasy, Sci-Fi, Shounen, Slice of Life",TV,26,39596
1519,Black Lagoon: The Second Barrage,"Action, Seinen",TV,12,203233
2167,Clannad,"Comedy, Drama, Romance, School, Slice of Life, Supernatural",TV,23,566690
16706,Kami nomi zo Shiru Sekai: Megami-hen,"Comedy, Harem, Romance, Shounen, Supernatural",TV,12,142612
5681,Summer Wars,"Comedy, Sci-Fi",Movie,1,223359
3901,Baccano! Specials,"Action, Comedy, Historical, Mystery, Seinen, Supernatural",Special,3,100412
6467,Detective Conan Movie 14: The Lost Ship in the Sky,"Action, Mystery, Police, Shounen",Movie,1,20602
10271,Gyakkyou Burai Kaiji: Hakairoku-hen,"Game, Psychological, Seinen, Thriller",TV,26,55566
22507,Initial D Final Stage,"Cars, Seinen, Sports",TV,4,19702
3701,Kaiba,"Adventure, Mystery, Romance, Sci-Fi",TV,12,56927
19123,One Piece: Episode of Merry - Mou Hitori no Nakama no Monogatari,"Action, Adventure, Comedy, Drama, Fantasy, Shounen, Super Power",Special,1,17247
33255,Saiki Kusuo no Ψ-nan (TV),"Comedy, School, Shounen, Supernatural",TV,120,47092
372,Cardcaptor Sakura Movie 2: Fuuin Sareta Card,"Comedy, Drama, Fantasy, Magic, Romance, Shoujo",Movie,1,60637
265,Hajime no Ippo: Mashiba vs. Kimura,"Comedy, Shounen, Sports",OVA,1,40623
25681,Kamisama Hajimemashita◎,"Comedy, Demons, Fantasy, Romance, Shoujo, Supernatural",TV,12,91796
4722,Skip Beat!,"Comedy, Drama, Romance, Shoujo",TV,25,134818
24277,Yowamushi Pedal: Grande Road,"Comedy, Drama, Shounen, Sports",TV,24,50778
239,Gankutsuou,"Drama, Mystery, Sci-Fi, Supernatural, Thriller",TV,24,103828
512,Majo no Takkyuubin,"Adventure, Comedy, Drama, Fantasy, Magic, Romance",Movie,1,152331
4477,Nodame Cantabile: Paris-hen,"Comedy, Josei, Music, Romance, Slice of Life",TV,11,70822
15323,One Piece: Episode of Nami - Koukaishi no Namida to Nakama no Kizuna,"Action, Adventure, Comedy, Drama, Fantasy, Shounen, Super Power",Special,1,24707
31174,Osomatsu-san,"Comedy, Parody",TV,25,60988
23327,Space☆Dandy 2nd Season,"Comedy, Sci-Fi, Space",TV,13,60918
5365,Tsumiki no Ie,Drama,Movie,1,45189
3702,Detroit Metal City,"Comedy, Music",OVA,12,104893
3167,Eve no Jikan,"Sci-Fi, Slice of Life",ONA,6,99074
7465,Eve no Jikan (Movie),"Sci-Fi, Slice of Life",Movie,1,66376
7054,Kaichou wa Maid-sama!,"Comedy, Romance, School, Shoujo",TV,26,391628
1257,Saint Seiya: Meiou Hades Juuni Kyuu-hen,"Adventure, Sci-Fi, Shounen",OVA,13,23701
23283,Zankyou no Terror,"Psychological, Thriller",TV,11,342893
2025,Darker than Black: Kuro no Keiyakusha,"Action, Mystery, Sci-Fi, Super Power",TV,25,440334
235,Detective Conan,"Adventure, Comedy, Mystery, Police, Shounen",TV,Unknown,114702
1364,Detective Conan Movie 05: Countdown to Heaven,"Adventure, Comedy, Mystery, Police, Shounen",Movie,1,25432
18689,Diamond no Ace,"Comedy, School, Shounen, Sports",TV,75,81384
22043,Fairy Tail (2014),"Action, Adventure, Comedy, Fantasy, Magic, Shounen",TV,102,255076
31988,Hibike! Euphonium 2,"Drama, Music, School",TV,13,47716
20899,JoJo no Kimyou na Bouken: Stardust Crusaders,"Action, Adventure, Drama, Shounen, Supernatural",TV,24,120089
1453,Maison Ikkoku,"Comedy, Drama, Romance, Slice of Life",TV,96,22079
23623,Non Non Biyori Repeat,"Comedy, School, Seinen, Slice of Life",TV,12,64230
1559,Shijou Saikyou no Deshi Kenichi,"Action, Comedy, Martial Arts, School, Shounen",TV,50,129112
1382,Yuusha-Ou GaoGaiGar Final,"Adventure, Drama, Mecha, Sci-Fi, Shounen",OVA,8,5001
23289,Gekkan Shoujo Nozaki-kun,"Comedy, Romance, School",TV,12,292622
18,Initial D Fourth Stage,"Action, Cars, Drama, Seinen, Sports",TV,24,41584
4814,Junjou Romantica 2,"Comedy, Drama, Romance, Shounen Ai",TV,12,87617
16662,Kaze Tachinu,"Drama, Historical, Romance",Movie,1,75359
12031,Kingdom,"Action, Historical, Military, Seinen",TV,38,54211
8129,Kuragehime,"Comedy, Josei, Slice of Life",TV,11,108053
14513,Magi: The Labyrinth of Magic,"Action, Adventure, Fantasy, Magic, Shounen",TV,25,317513
2581,Mobile Suit Gundam 00,"Action, Drama, Mecha, Military, Sci-Fi, Space",TV,25,120351
30015,ReLIFE,"Romance, School, Slice of Life",TV,13,202249
6171,Saint Seiya: The Lost Canvas - Meiou Shinwa,"Action, Adventure, Martial Arts, Shounen, Super Power, Supernatural",OVA,13,40355
1827,Seirei no Moribito,"Action, Adventure, Fantasy, Historical",TV,26,106888
25013,Akatsuki no Yona,"Action, Adventure, Comedy, Fantasy, Romance, Shoujo",TV,24,216674
1367,Detective Conan Movie 08: Magician of the Silver Sky,"Adventure, Comedy, Mystery, Police, Shounen",Movie,1,23130
27833,Durarara!!x2 Ketsu,"Action, Mystery, Supernatural",TV,12,115295
26213,Free!: Eternal Summer Special,"Comedy, School, Slice of Life",Special,1,36091
1974,Glass no Kamen (2005),"Drama, Shoujo",TV,51,17038
8425,Gosick,"Drama, Historical, Mystery, Romance",TV,24,232113
12069,Hajime no Ippo: Boxer no Kobushi,"Comedy, Drama, Shounen, Sports",Special,1,20157
185,Initial D First Stage,"Action, Cars, Drama, Seinen, Sports",TV,26,68128
18679,Kill la Kill,"Action, Comedy, School, Super Power",TV,24,508118
2034,Lovely★Complex,"Comedy, Romance, Shoujo",TV,24,235003
437,Perfect Blue,"Dementia, Drama, Horror, Psychological",Movie,1,117565
721,Princess Tutu,"Comedy, Fantasy, Magic, Romance",TV,38,73218
12477,Sakasama no Patema,"Sci-Fi, Seinen",Movie,1,89749
4938,Tsubasa: Shunraiki,"Action, Adventure, Drama, Fantasy, Magic, Mystery, Romance, Shounen, Supernatural",OVA,2,40420
2402,Ashita no Joe,"Drama, Sports",TV,79,15442
6702,Fairy Tail,"Action, Adventure, Comedy, Fantasy, Magic, Shounen",TV,175,584590
1566,Ghost in the Shell: Stand Alone Complex - Solid State Society,"Mecha, Military, Mystery, Police, Sci-Fi, Seinen",Special,1,55247
31741,Magi: Sinbad no Bouken (TV),"Action, Adventure, Fantasy, Magic, Shounen",TV,13,73480
440,Shoujo Kakumei Utena,"Drama, Fantasy, Psychological, Shoujo",TV,39,77464
4107,Tengen Toppa Gurren Lagann Movie: Gurren-hen,"Action, Comedy, Mecha",Movie,1,72933
1506,Detective Conan Movie 10: Requiem of the Detectives,"Adventure, Comedy, Mystery, Police, Shounen",Movie,1,21789
2759,Evangelion: 1.0 You Are (Not) Alone,"Action, Mecha, Sci-Fi",Movie,1,194561
72,Full Metal Panic? Fumoffu,"Action, Comedy, School",TV,12,171086
3016,Ginga Eiyuu Densetsu: Arata Naru Tatakai no Overture,"Action, Drama, Military, Sci-Fi, Space",Movie,1,11808
3783,Kara no Kyoukai 3: Tsuukaku Zanryuu,"Action, Drama, Mystery, Supernatural, Thriller",Movie,1,108720
3927,Mobile Suit Gundam 00 Second Season,"Action, Drama, Mecha, Military, Sci-Fi, Space",TV,25,86972
11597,Nisemonogatari,"Comedy, Mystery, Supernatural",TV,11,260062
28025,Tsukimonogatari,"Comedy, Mystery, Supernatural",TV,4,111009
24833,Ansatsu Kyoushitsu (TV),"Action, Comedy, School, Shounen",TV,22,312654
29893,Aria The Avvenire,"Fantasy, Sci-Fi, Shounen, Slice of Life",Special,3,9500
27663,Baby Steps 2nd Season,"Romance, School, Shounen, Sports",TV,25,36251
1482,D.Gray-man,"Action, Adventure, Comedy, Shounen",TV,103,334399
3371,"Ginga Eiyuu Densetsu Gaiden: Senoku no Hoshi, Senoku no Hikari","Action, Military, Sci-Fi, Space",OVA,24,8621
25313,Gintama: Jump Festa 2014 Special,"Action, Comedy, Historical, Parody, Samurai, Sci-Fi, Shounen",Special,1,13764
1430,Lupin III: Cagliostro no Shiro,"Adventure, Comedy, Shounen",Movie,1,32732
33051,Mobile Suit Gundam: Iron-Blooded Orphans 2nd Season,"Action, Drama, Mecha, Sci-Fi, Space",TV,25,21210
7720,Ookiku Furikabutte: Natsu no Taikai-hen,"Comedy, Sports",TV,13,22190
1914,Saiunkoku Monogatari 2nd Season,"Adventure, Comedy, Drama, Fantasy, Historical, Romance",TV,39,23160
20371,Sekaiichi Hatsukoi Movie: Yokozawa Takafumi no Baai,"Comedy, Drama, Romance, Shounen Ai",Movie,1,23045
15039,Ano Hi Mita Hana no Namae wo Bokutachi wa Mada Shiranai. Movie,"Drama, Slice of Life, Supernatural",Movie,1,95241
2164,Dennou Coil,"Adventure, Comedy, Drama, Mystery, Sci-Fi",TV,26,76860
237,Eureka Seven,"Adventure, Drama, Mecha, Romance, Sci-Fi",TV,50,239570
2449,Ghost in the Shell: Stand Alone Complex - The Laughing Man,"Action, Mecha, Mystery, Police, Psychological, Sci-Fi, Seinen",Special,1,21435
10643,Gintama: Dai Hanseikai,"Action, Comedy, Parody, Samurai",Special,1,14728
17739,Hidamari Sketch: Sae Hiro Sotsugyou-hen,"Comedy, School, Slice of Life",OVA,2,5959
135,Hikaru no Go,"Comedy, Game, Shounen, Supernatural",TV,75,69000
6045,Kimi ni Todoke,"Romance, School, Shoujo, Slice of Life",TV,25,309339
16001,Kokoro Connect: Michi Random,"Comedy, Drama, Romance, School, Slice of Life, Supernatural",Special,4,106989
6211,Tokyo Magnitude 8.0,Drama,TV,11,121349
232,Cardcaptor Sakura,"Adventure, Comedy, Drama, Fantasy, Magic, Romance, School, Shoujo",TV,70,181249
4789,ef: A Tale of Melodies.,"Drama, Mystery, Romance, Supernatural",TV,12,103657
16918,Gin no Saji,"Comedy, School, Shounen, Slice of Life",TV,11,116261
16,Hachimitsu to Clover,"Comedy, Drama, Josei, Romance",TV,24,130646
1486,Kodomo no Omocha (TV),"Comedy, Drama, Romance, Shoujo",TV,102,27893
24997,Love Live! The School Idol Movie,"Music, School, Slice of Life",Movie,1,38118
32902,Mahoutsukai no Yome: Hoshi Matsu Hito,"Fantasy, Magic",OVA,3,43372
8063,Sekaiichi Hatsukoi OVA,"Comedy, Drama, Romance, Shounen Ai",OVA,2,35225
25879,Working!!!,"Comedy, Romance, Slice of Life",TV,13,80763
889,Black Lagoon,"Action, Seinen",TV,12,332562
21419,Detective Conan Movie 18: The Sniper from Another Dimension,"Action, Mystery, Police, Shounen",Movie,1,12151
2952,Final Fantasy VII: Advent Children Complete,"Action, Fantasy, Super Power",OVA,1,77111
934,Higurashi no Naku Koro ni,"Horror, Mystery, Psychological, Supernatural, Thriller",TV,26,359494
12189,Hyouka,"Mystery, School, Slice of Life",TV,22,372246
731,Interstella5555: The 5tory of The 5ecret 5tar 5ystem,"Adventure, Drama, Music, Sci-Fi",Music,1,31464
1530,Kanon (2006),"Drama, Romance, Slice of Life, Supernatural",TV,24,163171
9656,Kimi ni Todoke 2nd Season,"Romance, School, Shoujo, Slice of Life",TV,12,171866
20507,Noragami,"Action, Adventure, Shounen, Supernatural",TV,12,515378
31149,Persona 3 the Movie 4: Winter of Rebirth,"Action, Fantasy, Seinen, Supernatural",Movie,1,13359
4918,xxxHOLiC Shunmuki,"Comedy, Drama, Mystery, Psychological, Supernatural",OVA,2,40401
14075,Zetsuen no Tempest,"Action, Drama, Fantasy, Magic, Mystery, Psychological, Shounen",TV,24,259900
4772,Aria The Origination: Sono Choppiri Himitsu no Basho ni...,"Comedy, Shounen, Slice of Life",Special,1,11961
781,Detective Conan Movie 03: The Last Wizard of the Century,"Adventure, Comedy, Mystery, Police, Shounen",Movie,1,26799
1363,Detective Conan Movie 04: Captured in Her Eyes,"Adventure, Comedy, Mystery, Police, Shounen",Movie,1,25461
223,Dragon Ball,"Adventure, Comedy, Fantasy, Martial Arts, Shounen, Super Power",TV,153,316102
2004,Hanada Shounen-shi,"Comedy, Drama, Slice of Life, Supernatural",TV,25,6321
25649,Junjou Romantica 3,"Comedy, Drama, Romance, Shounen Ai",TV,12,39866
153,Juuni Kokuki,"Action, Adventure, Fantasy, Magic, Supernatural",TV,45,66646
5029,Major Movie: Yuujou no Winning Shot,"Action, Shounen, Sports",Movie,1,9943
302,Mirai Shounen Conan,"Adventure, Drama, Sci-Fi",TV,26,15557
8740,One Piece Film: Strong World Episode 0,"Action, Adventure, Comedy, Fantasy, Shounen, Super Power",OVA,1,33862
5682,Phantom: Requiem for the Phantom,"Action, Drama, Seinen, Thriller",TV,26,159105
21647,Tamako Love Story,"Comedy, Romance, Slice of Life",Movie,1,72708
16049,Toaru Kagaku no Railgun S,"Action, Sci-Fi, Super Power",TV,24,137105
1065,Touch,"Drama, Romance, School, Shounen, Slice of Life, Sports",TV,101,12833
18179,Yowamushi Pedal,"Comedy, Drama, Shounen, Sports",TV,38,91138
47,Akira,"Action, Adventure, Horror, Military, Sci-Fi, Supernatural",Movie,1,215897
4901,Black Lagoon: Roberta&#039;s Blood Trail,"Action, Seinen",OVA,5,108099
23199,Durarara!!x2 Shou,"Action, Mystery, Supernatural",TV,12,189407
32122,Gintama: Jump Festa 2015 Special,"Action, Comedy, Historical, Parody, Samurai, Shounen",Special,1,7923
30415,High☆Speed!: Free! Starting Days,"School, Slice of Life, Sports",Movie,1,24310
851,Kyou kara Ore wa!!,"Comedy, Shounen",OVA,10,7954
10049,Nurarihyon no Mago: Sennen Makyou,"Action, Demons, Shounen, Supernatural",TV,24,75612
1943,Paprika,"Fantasy, Horror, Mystery, Psychological, Sci-Fi, Thriller",Movie,1,163308
4053,Prince of Tennis: The National Tournament Finals,"Comedy, School, Shounen, Sports",OVA,7,21020
846,School Rumble Ni Gakki,"Comedy, Romance, School, Shounen",TV,26,93095
9926,Sekaiichi Hatsukoi,"Comedy, Drama, Romance, Shounen Ai",TV,12,94820
31173,Akagami no Shirayuki-hime 2nd Season,"Drama, Fantasy, Romance, Shoujo",TV,12,80862
4059,"Clannad: Mou Hitotsu no Sekai, Tomoyo-hen","Drama, Romance, School, Slice of Life",Special,1,160423
589,Ginga Nagareboshi Gin,"Action, Adventure, Drama, Shounen",TV,21,10575
15059,Initial D Fifth Stage,"Action, Cars, Drama, Seinen, Sports",TV,14,26711
7791,K-On!!,"Comedy, Music, School, Slice of Life",TV,26,246276
17265,Log Horizon,"Action, Adventure, Fantasy, Game, Magic, Shounen",TV,25,387100
20815,Sekaiichi Hatsukoi: Valentine-hen,"Comedy, Romance, Shounen Ai",Movie,1,13454
535,Slayers Next,"Adventure, Comedy, Demons, Fantasy, Magic",TV,26,39832
2563,Aria The OVA: Arietta,"Fantasy, Sci-Fi, Shounen, Slice of Life",OVA,1,20629
9963,Detective Conan Movie 15: Quarter of Silence,"Adventure, Comedy, Mystery, Police, Shounen",Movie,1,17165
32551,Digimon Adventure tri. 3: Kokuhaku,"Action, Adventure, Comedy, Drama",Movie,1,20989
2951,Gintama: Nanigoto mo Saiyo ga Kanjin nano de Tasho Senobisuru Kurai ga Choudoyoi,"Action, Comedy, Historical, Mecha, Parody, Samurai, Sci-Fi, Shounen",Special,1,29331
2762,Igano Kabamaru,"Adventure, Comedy, Romance, Shounen",TV,24,5063
14713,Kamisama Hajimemashita,"Comedy, Demons, Fantasy, Romance, Shoujo, Supernatural",TV,13,189641
14807,Kara no Kyoukai: Mirai Fukuin,"Drama, Mystery, Seinen, Supernatural",Movie,1,41168
81,Mobile Suit Gundam: The 08th MS Team,"Adventure, Drama, Mecha, Military, Romance, Sci-Fi",OVA,12,34177
9204,Omae Umasou da na,"Action, Adventure, Fantasy, Kids",Movie,1,6645
31098,Ushio to Tora (TV) 2nd Season,"Comedy, Demons, Shounen, Supernatural",TV,13,43916
1023,Wolf&#039;s Rain OVA,"Adventure, Drama, Psychological, Sci-Fi, Supernatural",OVA,4,37679
33253,Ajin 2nd Season,"Action, Horror, Mystery, Seinen, Supernatural",TV,13,51382
24921,Aoki Hagane no Arpeggio: Ars Nova Cadenza,"Action, Sci-Fi, Seinen",Movie,1,12353
1471,City Hunter 2,"Action, Comedy, Mystery, Shounen",TV,63,8199
27831,Durarara!!x2 Ten,"Action, Mystery, Supernatural",TV,12,132506
2924,ef: A Tale of Memories.,"Drama, Mystery, Romance",TV,12,151106
4672,Ghost in the Shell 2.0,"Action, Mecha, Police, Psychological, Sci-Fi, Seinen",Movie,1,51789
2448,Ghost in the Shell: Stand Alone Complex 2nd GIG - Individual Eleven,"Action, Mecha, Sci-Fi",Special,1,16614
3907,Ginga Sengoku Gunyuuden Rai,"Adventure, Romance, Sci-Fi, Shounen, Space",TV,52,5308
186,Initial D Second Stage,"Action, Cars, Drama, Seinen, Sports",TV,13,45825
10080,Kami nomi zo Shiru Sekai II,"Comedy, Harem, Romance, Shounen, Supernatural",TV,12,194300
30885,Noragami Aragoto OVA,"Action, Adventure, Shounen",OVA,2,58075
21469,Stand By Me Doraemon,"Comedy, Kids, Sci-Fi, Shounen",Movie,1,5712
9941,Tiger &amp; Bunny,"Action, Comedy, Mystery, Super Power",TV,25,104075
14813,Yahari Ore no Seishun Love Comedy wa Machigatteiru.,"Comedy, Drama, Romance, School",TV,13,353876
6421,Fullmetal Alchemist: Brotherhood Specials,"Adventure, Drama, Fantasy, Magic, Military, Shounen",Special,4,67962
21855,Hanamonogatari,"Comedy, Mystery, Supernatural",TV,5,124886
11739,Kimi to Boku. 2,"Comedy, Drama, Romance, School, Shounen, Slice of Life",TV,13,44564
2159,Ookiku Furikabutte,"Comedy, Sports",TV,25,49599
28297,Ore Monogatari!!,"Comedy, Romance, Shoujo",TV,24,200833
29831,Tamayura: Sotsugyou Shashin Part 4 - Ashita,"Comedy, Drama, Slice of Life",Movie,1,3187
2154,Tekkon Kinkreet,"Action, Adventure, Psychological, Supernatural",Movie,1,46018
6505,There She Is!!,"Comedy, Romance",ONA,5,13935
861,xxxHOLiC,"Comedy, Drama, Mystery, Psychological, Supernatural",TV,24,150872
1689,Byousoku 5 Centimeter,"Drama, Romance, Slice of Life",Movie,3,324035
34103,Danganronpa 3: The End of Kibougamine Gakuen - Kibou-hen,"Action, Horror, Mystery, Psychological",Special,1,29969
3665,Ginga Eiyuu Densetsu Gaiden: Rasen Meikyuu,"Drama, Military, Sci-Fi, Space",OVA,28,7712
9996,Hyouge Mono,"Historical, Samurai, Seinen",TV,39,10649
7711,Karigurashi no Arrietty,Fantasy,Movie,1,97910
77,Mahou Shoujo Lyrical Nanoha A&#039;s,"Action, Comedy, Drama, Magic, Super Power",TV,13,41685
401,Rurouni Kenshin: Meiji Kenkaku Romantan - Seisou-hen,"Drama, Historical, Romance, Samurai, Shounen",OVA,2,49454
32093,Tanaka-kun wa Itsumo Kedaruge,"Comedy, School, Slice of Life",TV,12,101335
12113,Berserk: Ougon Jidai-hen II - Doldrey Kouryaku,"Action, Adventure, Demons, Drama, Fantasy, Horror, Military, Seinen, Supernatural",Movie,1,66721
7338,Darker than Black: Kuro no Keiyakusha Gaiden,"Action, Mystery, Sci-Fi, Super Power",Special,4,136135
32613,Elsword: El Lady,"Action, Fantasy",ONA,12,3846
3014,Ginga Eiyuu Densetsu: Waga Yuku wa Hoshi no Taikai,"Action, Historical, Military, Sci-Fi, Space",Movie,1,15069
645,Hikaru no Go: Journey to the North Star Cup,"Game, Shounen",Special,1,13901
11135,Hybrid Child,"Drama, Historical, Romance, Sci-Fi, Shounen Ai",OVA,4,26036
5781,Isekai no Seikishi Monogatari,"Action, Comedy, Ecchi, Fantasy, Harem, Mecha, School",OVA,13,72021
13767,Junjou Romantica OVA,"Comedy, Drama, Romance, Shounen Ai",OVA,2,23192
5678,Kobato.,"Comedy, Drama, Fantasy",TV,24,88986
6774,Kuuchuu Buranko,"Comedy, Drama, Psychological, Seinen",TV,11,41521
1089,Macross: Do You Remember Love?,"Action, Mecha, Military, Music, Romance, Sci-Fi, Space",Movie,1,19240
25161,One Piece 3D2Y: Ace no shi wo Koete! Luffy Nakama Tono Chikai,"Adventure, Comedy, Fantasy, Shounen",Special,1,30516
995,Prince of Tennis: The National Tournament,"Action, Comedy, Shounen, Sports",OVA,13,25170
2752,Prince of Tennis: The National Tournament Semifinals,"Action, Comedy, Sports",OVA,6,21186
15,Eyeshield 21,"Action, Comedy, Shounen, Sports",TV,145,83648
122,Full Moon wo Sagashite,"Comedy, Drama, Music, Romance, Shoujo, Supernatural",TV,52,59374
29095,Grisaia no Rakuen,"Drama, Harem, Psychological, Romance",TV,10,111962
1594,Jigoku Shoujo Futakomori,"Horror, Mystery, Psychological, Supernatural",TV,26,79816
3092,Junjou Romantica,"Comedy, Drama, Romance, Shounen Ai",TV,12,117910
10721,Mawaru Penguindrum,"Comedy, Drama, Mystery, Psychological",TV,24,156689
16395,SKET Dance OVA,"Comedy, School, Shounen",OVA,1,11342
3588,Soul Eater,"Action, Adventure, Comedy, Fantasy, Shounen, Supernatural",TV,51,580184
4106,Trigun: Badlands Rumble,"Action, Comedy, Sci-Fi",Movie,1,68181
387,Haibane Renmei,"Drama, Fantasy, Mystery, Psychological, Slice of Life",TV,13,120731
16916,Kuroko no Basket: Tip Off,"Comedy, School, Shounen, Sports",Special,1,41760
1088,Macross,"Action, Mecha, Military, Music, Romance, Sci-Fi, Space",TV,36,44157
10620,Mirai Nikki (TV),"Action, Mystery, Psychological, Shounen, Supernatural, Thriller",TV,26,657190
2143,Saiyuuki Reload: Burial,"Action, Adventure, Drama, Fantasy, Shoujo",OVA,3,6554
6582,Tentai Senshi Sunred 2nd Season,"Comedy, Parody, Seinen, Super Power",TV,26,4584
2158,Terra e... (TV),"Action, Drama, Military, Sci-Fi, Space",TV,24,36941
22319,Tokyo Ghoul,"Action, Drama, Horror, Mystery, Psychological, Seinen, Supernatural",TV,12,618056
11113,Usagi Drop Specials,"Josei, Slice of Life",Special,4,36351
6586,Yume-iro Pâtissière,"Kids, School, Shoujo",TV,50,36921
66,Azumanga Daioh,"Comedy, School, Slice of Life",TV,26,170901
8142,Colorful (Movie),"Drama, Slice of Life, Supernatural",Movie,1,63263
6438,Detective Conan OVA 09: The Stranger in 10 Years...,"Adventure, Comedy, Mystery, Police, Shounen",OVA,1,9649
33032,Drifters: Special Edition,"Action, Adventure, Comedy, Fantasy, Historical, Samurai, Seinen",OVA,1,9807
227,FLCL,"Action, Comedy, Dementia, Mecha, Parody, Sci-Fi",OVA,6,305165
73,Full Metal Panic! The Second Raid,"Action, Mecha, Military",TV,13,155340
4898,Kuroshitsuji,"Action, Comedy, Demons, Fantasy, Historical, Shounen, Supernatural",TV,24,424919
19111,Love Live! School Idol Project 2nd Season,"Music, School, Slice of Life",TV,13,91864
7222,Macross F Movie 2: Sayonara no Tsubasa,"Action, Mecha, Military, Music, Romance, Sci-Fi, Space",Movie,1,17826
22097,Magi: Sinbad no Bouken,"Action, Adventure, Fantasy, Magic, Shounen",OVA,5,52351
15689,Nekomonogatari: Kuro,"Comedy, Romance, Supernatural",TV,4,173264
957,Saiunkoku Monogatari,"Adventure, Comedy, Drama, Fantasy, Historical, Romance",TV,39,50951
24,School Rumble,"Comedy, Romance, School, Shounen",TV,26,178553
33286,Strike the Blood II,"Action, Ecchi, Fantasy, School, Shounen, Supernatural, Vampire",OVA,8,28220
849,Suzumiya Haruhi no Yuuutsu,"Comedy, Mystery, Parody, School, Sci-Fi, Slice of Life",TV,14,428569
2623,Flanders no Inu (Movie),"Drama, Historical",Movie,1,8505
268,Golden Boy,"Adventure, Comedy, Ecchi",OVA,6,113040
29093,Grisaia no Meikyuu: Caprice no Mayu 0,Drama,Special,1,70039
427,Kaleido Star,"Comedy, Drama, Fantasy, Shoujo",TV,51,42253
4280,Kara no Kyoukai 4: Garan no Dou,"Action, Mystery, Supernatural, Thriller",Movie,1,103600
18429,Lupin III vs. Detective Conan: The Movie,"Action, Comedy, Mystery, Shounen",Movie,1,10021
17549,Non Non Biyori,"Comedy, School, Seinen, Slice of Life",TV,12,133475
26123,Seitokai Yakuindomo* OVA,"Comedy, School, Shounen, Slice of Life",OVA,6,26361
28,Yakitate!! Japan,"Comedy, Shounen",TV,69,50876
9513,Beelzebub,"Action, Comedy, Demons, School, Shounen, Supernatural",TV,60,217752
14353,Death Billiards,"Drama, Game, Mystery, Psychological, Thriller",Movie,1,95690
8408,Durarara!! Specials,"Action, Comedy, Supernatural",Special,2,103105
13331,Jormungand: Perfect Order,"Action, Adventure, Seinen",TV,12,81951
4985,Mahou Shoujo Lyrical Nanoha: The Movie 1st,"Action, Comedy, Drama, Magic, Super Power",Movie,1,20433
29803,Overlord,"Action, Adventure, Fantasy, Game, Magic, Supernatural",TV,13,244268
22,Prince of Tennis,"Action, Comedy, School, Shounen, Sports",TV,178,87643
2618,Takarajima,"Adventure, Drama, Historical, Mystery",TV,26,5306
793,xxxHOLiC Movie: Manatsu no Yoru no Yume,"Comedy, Drama, Mystery, Psychological, Supernatural",Movie,1,41547
30279,Yuru Yuri San☆Hai!,"Comedy, School, Shoujo Ai, Slice of Life",TV,12,44335
28755,Boruto: Naruto the Movie,"Action, Comedy, Martial Arts, Shounen, Super Power",Movie,1,74690
10029,Coquelicot-zaka kara,"Historical, Romance, School, Shoujo",Movie,1,50689
2035,Eikoku Koi Monogatari Emma: Molders-hen,"Drama, Historical, Romance, Seinen, Slice of Life",TV,12,11903
790,Ergo Proxy,"Mystery, Psychological, Sci-Fi",TV,23,265005
9289,Hanasaku Iroha,"Comedy, Drama, Seinen, Slice of Life",TV,26,150393
15809,Hataraku Maou-sama!,"Comedy, Demons, Fantasy, Romance, Shounen",TV,13,409037
27989,Hibike! Euphonium,"Drama, Music, School",TV,13,134694
5630,Higashi no Eden,"Action, Comedy, Drama, Mystery, Romance, Sci-Fi, Thriller",TV,11,276593
2829,Ie Naki Ko Remi,"Adventure, Drama, Historical, Slice of Life",TV,23,6528
30831,Kono Subarashii Sekai ni Shukufuku wo!,"Adventure, Comedy, Fantasy, Supernatural",TV,10,244877
416,Kurenai no Buta,"Action, Adventure, Comedy, Drama, Historical, Military, Romance",Movie,1,74028
85,Mobile Suit Zeta Gundam,"Drama, Mecha, Military, Sci-Fi, Space",TV,50,28959
30240,Prison School,"Comedy, Ecchi, Romance, School, Seinen",TV,12,227734
1254,Saint Seiya,"Adventure, Fantasy, Sci-Fi, Shounen",TV,114,70559
2605,Sayonara Zetsubou Sensei,"Comedy, Parody, School",TV,12,174531
4163,Seto no Hanayome OVA,"Comedy, Parody, Romance, School",OVA,2,31973
3228,Zoku Sayonara Zetsubou Sensei,"Comedy, Parody, School",TV,13,74040
1485,Akachan to Boku,"Comedy, Drama, Shoujo",TV,35,8353
6351,"Clannad: After Story - Mou Hitotsu no Sekai, Kyou-hen","Drama, Romance, School",Special,1,138364
13119,Hakuouki Movie 2: Shikon Soukyuu,"Action, Drama, Historical, Josei, Samurai, Supernatural",Movie,1,9492
3782,Kara no Kyoukai 2: Satsujin Kousatsu (Zen),"Action, Mystery, Romance, Supernatural, Thriller",Movie,1,114415
3572,Macross F,"Action, Mecha, Military, Music, Romance, Sci-Fi, Space",TV,25,95551
8310,Magic Kaito,"Adventure, Comedy, Romance, Shounen",Special,12,27274
114,Sakigake!! Cromartie Koukou,"Comedy, School, Shounen",TV,26,67254
11813,Shijou Saikyou no Deshi Kenichi OVA,"Action, Comedy, Martial Arts, School, Shounen",OVA,11,24167
658,Touhai Densetsu Akagi: Yami ni Maiorita Tensai,"Game, Psychological, Seinen, Thriller",TV,26,48127
10012,Carnival Phantasm,"Comedy, Parody, Supernatural",OVA,12,71976
32370,D.Gray-man Hallow,"Action, Demons, Shounen, Super Power",TV,13,72499
22961,Date A Live: Encore OVA,"Romance, Slice of Life",OVA,1,48432
22777,Dragon Ball Kai (2014),"Action, Adventure, Comedy, Fantasy, Martial Arts, Shounen, Super Power",TV,61,42666
29787,Gochuumon wa Usagi Desu ka??,"Comedy, Slice of Life",TV,12,38102
7062,Hidamari Sketch x ☆☆☆,"Comedy, School, Slice of Life",TV,12,15748
11887,Kokoro Connect,"Comedy, Drama, Romance, School, Slice of Life, Supernatural",TV,13,283847
9088,Saiyuuki Gaiden,"Action, Adventure, Drama, Fantasy, Shoujo",OVA,3,5843
12815,Shirokuma Cafe,"Comedy, Josei, Slice of Life",TV,50,44668
12017,Tiger &amp; Bunny Movie 2: The Rising,"Action, Comedy, Mystery, Super Power",Movie,1,13567
6377,Zan Sayonara Zetsubou Sensei,"Comedy, Parody, School",TV,13,55402
1470,City Hunter,"Action, Comedy, Mystery, Shounen",TV,51,19963
780,Detective Conan Movie 02: The Fourteenth Target,"Adventure, Comedy, Mystery, Police, Shounen",Movie,1,26284
27633,Gekkan Shoujo Nozaki-kun Specials,"Comedy, Romance, School",Special,6,52672
2321,Giant Robo the Animation: Chikyuu ga Seishi Suru Hi,"Action, Mecha, Sci-Fi, Shounen, Super Power",OVA,7,12283
17273,Hetalia: The Beautiful World Specials,"Comedy, Historical, Parody",Special,4,8644
429,Kaleido Star: Legend of Phoenix - Layla Hamilton Monogatari,"Comedy, Drama, Shoujo",OVA,1,9268
18661,Kamisama Hajimemashita OVA,"Comedy, Demons, Fantasy, Shoujo, Supernatural",OVA,2,38678
14349,Little Witch Academia,"Adventure, Comedy, Fantasy, Magic, School",Movie,1,111703
1729,Maria-sama ga Miteru 3rd,"Drama, School, Shoujo Ai, Slice of Life",OVA,5,12394
31973,Mobile Suit Gundam Thunderbolt,"Action, Drama, Mecha, Military, Sci-Fi, Space",ONA,4,14419
17949,The Everlasting Guilty Crown,Music,Music,1,11663
996,Bishoujo Senshi Sailor Moon: Sailor Stars,"Adventure, Comedy, Drama, Fantasy, Magic, Romance, Shoujo",TV,34,52586
9465,Break Blade 4: Sanka no Chi,"Action, Fantasy, Mecha, Military, Shounen",Movie,1,41598
14175,Hanasaku Iroha: Home Sweet Home,"Comedy, Drama, Slice of Life",Movie,1,34630
11239,Hidamari Sketch x Honeycomb,"Comedy, School, Slice of Life",TV,12,12590
967,Hokuto no Ken,"Action, Drama, Martial Arts, Sci-Fi, Shounen",TV,109,40271
1695,Les Misérables: Shoujo Cosette,"Drama, Historical, Shoujo, Slice of Life",TV,52,9605
339,Serial Experiments Lain,"Dementia, Drama, Mystery, Psychological, Sci-Fi, Supernatural",TV,13,215829
7724,Shiki,"Mystery, Supernatural, Thriller, Vampire",TV,22,251093
2753,Ushiro no Shoumen Daare,"Drama, Historical",Movie,1,3811
8516,Baka to Test to Shoukanjuu Ni!,"Comedy, Romance, School, Super Power",TV,13,183722
779,Detective Conan Movie 01: The Timed Skyscraper,"Adventure, Comedy, Mystery, Police, Shounen",Movie,1,28947
1366,Detective Conan Movie 07: Crossroad in the Ancient Capital,"Adventure, Comedy, Mystery, Police, Shounen",Movie,1,21729
19319,Gundam Build Fighters,"Action, Mecha, Sci-Fi",TV,25,31606
15195,Hetalia: The Beautiful World,"Comedy, Historical, Parody",ONA,20,34960
187,Initial D Third Stage,"Action, Cars, Drama, Seinen, Sports",Movie,1,39374
30311,Kuroko no Basket 3rd Season NG-shuu,"Comedy, Sports",Special,9,10778
597,Neko no Ongaeshi,"Adventure, Drama, Fantasy",Movie,1,92499
400,Seihou Bukyou Outlaw Star,"Action, Adventure, Comedy, Sci-Fi, Space",TV,24,78600
18245,White Album 2,"Drama, Music, Romance, Slice of Life",TV,13,91075
10521,Working&#039;!!,"Comedy, Slice of Life",TV,13,117328
28907,"Gate: Jieitai Kanochi nite, Kaku Tatakaeri","Action, Adventure, Fantasy, Military",TV,12,244314
31637,"Gate: Jieitai Kanochi nite, Kaku Tatakaeri 2nd Season","Action, Adventure, Fantasy, Military",TV,12,153501
1571,Ghost Hunt,"Comedy, Horror, Mystery, Shoujo, Supernatural",TV,25,126426
267,Gungrave,"Action, Drama, Sci-Fi, Seinen, Super Power",TV,26,95825
253,Jungle wa Itsumo Hare nochi Guu,"Comedy, School, Slice of Life",TV,26,22214
22673,Kuroko no Basket 2nd Season NG-shuu,"Comedy, Sports",Special,9,20477
4080,Kyou kara Maou! 3rd Series,"Adventure, Comedy, Fantasy, Romance, Shoujo",TV,39,19510
27947,Lupin III (2015),"Action, Adventure, Comedy, Shounen",TV,24,16938
12917,Madang-Eul Naon Amtalg,"Adventure, Drama, Fantasy, Kids",Movie,1,1528
3750,Maria-sama ga Miteru 4th,"School, Shoujo, Shoujo Ai, Slice of Life",TV,13,11779
569,Musekinin Kanchou Tylor,"Comedy, Military, Parody, Sci-Fi, Space",TV,26,19841
6007,Ookami to Koushinryou II: Ookami to Kohakuiro no Yuuutsu,"Fantasy, Historical, Romance",OVA,1,81137
1253,Saint Seiya: Meiou Hades Meikai-hen,"Action, Adventure, Demons, Fantasy, Sci-Fi, Shounen, Super Power",OVA,12,21240
15771,Saint☆Oniisan (Movie),"Comedy, Seinen, Slice of Life",Movie,1,30814
397,Seikai no Senki II,"Action, Military, Romance, Sci-Fi, Space",TV,10,13888
949,Top wo Nerae! Gunbuster,"Action, Comedy, Drama, Mecha, Military, Sci-Fi, Shounen, Space",OVA,6,51724
11001,Toshokan Sensou: Kakumei no Tsubasa,"Action, Comedy, Military, Romance",Movie,1,10244
17909,Uchouten Kazoku,"Comedy, Drama, Fantasy, Slice of Life",TV,13,64897
21185,Baby Steps,"Romance, School, Shounen, Sports",TV,25,59818
9724,Break Blade 5: Shisen no Hate,"Action, Mecha, Military, Shounen",Movie,1,40053
6768,Code Geass: Hangyaku no Lelouch R2 Special Edition Zero Requiem,"Action, Mecha, Military, Super Power",OVA,1,23204
4872,Goku Sayonara Zetsubou Sensei,"Comedy, Parody, School",OVA,3,40358
12413,Jormungand,"Action, Adventure, Seinen",TV,12,137610
2076,Kindaichi Shounen no Jikenbo (TV),"Mystery, Shounen",TV,148,8655
31251,Mobile Suit Gundam: Iron-Blooded Orphans,"Action, Drama, Mecha, Sci-Fi, Space",TV,25,60525
5485,Shin Mazinger Shougeki! Z-hen,"Action, Mecha, Shounen, Super Power",TV,26,7872
5005,Tentai Senshi Sunred,"Comedy, Parody, Seinen, Super Power",TV,26,12236
890,Yuusha-Ou GaoGaiGar,"Adventure, Mecha, Sci-Fi, Shounen",TV,49,10031
269,Bleach,"Action, Comedy, Shounen, Super Power, Supernatural",TV,366,624055
14741,Chuunibyou demo Koi ga Shitai!,"Comedy, Drama, Romance, School, Slice of Life",TV,12,394399
1472,City Hunter 3,"Action, Comedy, Mystery, Shounen",TV,13,6723
33028,Danganronpa 3: The End of Kibougamine Gakuen - Zetsubou-hen,"Action, Horror, Mystery, Psychological",TV,11,65503
7304,Detective Conan Movie 08: Time Travel of the Silver Sky,"Adventure, Mystery",Special,1,6515
8609,Detective Conan OVA 10: Kid in Trap Island,"Adventure, Comedy, Mystery, Police, Shounen",OVA,1,7757
6033,Dragon Ball Kai,"Action, Adventure, Comedy, Fantasy, Martial Arts, Shounen, Super Power",TV,97,116832
8479,Hetalia World Series,"Comedy, Historical, Parody",ONA,48,64416
254,Jungle wa Itsumo Hare nochi Guu Deluxe,"Comedy, Slice of Life",OVA,6,8847
8525,Kami nomi zo Shiru Sekai,"Comedy, Harem, Romance, Shounen, Supernatural",TV,12,284846
19703,Kyousou Giga (TV),"Action, Fantasy, Supernatural",TV,10,67732
25517,Magic Kaito 1412,"Adventure, Comedy, Romance, Shounen",TV,24,43545
31764,Nejimaki Seirei Senki: Tenkyou no Alderamin,"Action, Adventure, Fantasy, Military",TV,13,86475
27775,Plastic Memories,"Drama, Romance, Sci-Fi",TV,13,213493
21339,Psycho-Pass Movie,"Action, Military, Police, Sci-Fi",Movie,1,94677
2104,Seto no Hanayome,"Comedy, Parody, Romance, School",TV,26,165008
24893,Sidonia no Kishi: Daikyuu Wakusei Seneki,"Action, Mecha, Sci-Fi, Seinen, Space",TV,12,57665
2150,Tanoshii Muumin Ikka,"Adventure, Comedy, Fantasy, Kids, Slice of Life",TV,78,7761
12445,Tasogare Otome x Amnesia,"Horror, Mystery, Romance, School, Shounen, Supernatural",TV,12,172367
543,Vampire Hunter D (2000),"Action, Drama, Fantasy, Horror, Romance, Sci-Fi, Vampire",Movie,1,68229
23225,Yuru Yuri Nachuyachumi!,"Comedy, Shoujo Ai, Slice of Life",OVA,1,28339
9252,Break Blade 3: Kyoujin no Ato,"Action, Fantasy, Mecha, Military, Shounen",Movie,1,42653
12893,Danshi Koukousei no Nichijou Specials,"Comedy, School, Shounen, Slice of Life",Special,6,49891
1505,Detective Conan Movie 09: Strategy Above the Depths,"Adventure, Comedy, Mystery, Police, Shounen",Movie,1,20347
4447,Detective Conan Movie 12: Full Score of Fear,"Adventure, Comedy, Mystery, Police, Shounen",Movie,1,19290
317,Final Fantasy VII: Advent Children,"Action, Fantasy, Super Power",Movie,1,138659
22265,Free!: Eternal Summer,"Comedy, School, Slice of Life, Sports",TV,13,150596
13117,Hakuouki Movie 1: Kyoto Ranbu,"Action, Drama, Historical, Josei, Samurai, Supernatural",Movie,1,12076
9563,Hidamari Sketch x ☆☆☆ Specials,"Comedy, School, Slice of Life",Special,2,8734
16904,K: Missing Kings,"Action, Super Power, Supernatural",Movie,1,98549
97,Last Exile,"Action, Adventure, Sci-Fi",TV,26,104193
20517,Little Busters!: EX,"Comedy, Drama, Romance, School, Slice of Life, Supernatural",Special,8,26709
2273,Mobile Suit Gundam Wing: Endless Waltz Movie,"Action, Drama, Mecha, Military, Sci-Fi, Space",Movie,1,35711
1735,Naruto: Shippuuden,"Action, Comedy, Martial Arts, Shounen, Super Power",TV,Unknown,533578
20159,Pokemon: The Origin,"Action, Adventure, Comedy, Fantasy, Kids",Special,4,85947
12403,Yuru Yuri♪♪,"Comedy, School, Shoujo Ai, Slice of Life",TV,12,83097
7044,Zan Sayonara Zetsubou Sensei Bangaichi,"Comedy, Parody, School",OVA,2,22704
31646,3-gatsu no Lion,"Drama, Game, Seinen, Slice of Life",TV,23,59492
32998,91 Days,"Action, Drama, Historical",TV,12,140604
30123,Akagami no Shirayuki-hime,"Drama, Fantasy, Romance, Shoujo",TV,12,157551
31339,Drifters,"Action, Adventure, Comedy, Fantasy, Historical, Samurai, Seinen",TV,12,102857
2890,Gake no Ue no Ponyo,"Adventure, Fantasy",Movie,1,140277
468,Ghost in the Shell 2: Innocence,"Mecha, Military, Police, Psychological, Sci-Fi",Movie,1,85714
29755,Haikyuu!! Movie 1: Owari to Hajimari,"Comedy, Drama, School, Shounen, Sports",Movie,1,13094
25303,Haikyuu!! OVA,"Shounen, Sports",OVA,2,30063
24471,Hoozuki no Reitetsu OVA,"Comedy, Fantasy, Supernatural",OVA,3,6073
516,Keroro Gunsou,"Comedy, Sci-Fi, Shounen",TV,358,31632
1425,Lupin III: Part II,"Action, Adventure, Comedy, Shounen",TV,155,10873
5310,Macross F Movie 1: Itsuwari no Utahime,"Action, Mecha, Military, Music, Romance, Sci-Fi, Space",Movie,1,20637
93,Mobile Suit Gundam Seed,"Action, Drama, Mecha, Military, Romance, Sci-Fi, Space",TV,50,96973
8038,Nodame Cantabile Finale Special,"Comedy, Josei, Music, Romance",Special,1,23388
322,Paradise Kiss,"Comedy, Drama, Josei, Romance, Slice of Life",TV,12,86380
6154,Saint Seiya: The Hades Chapter Sanctuary - Yomigaerishi Gold Saint-tachi no Shinwa,"Adventure, Sci-Fi, Shounen",Special,2,4975
7588,Saraiya Goyou,"Historical, Samurai, Seinen",TV,12,40819
10083,Shiki Specials,"Horror, Mystery, Supernatural, Vampire",Special,2,37657
1172,Slayers Try,"Adventure, Comedy, Demons, Fantasy, Magic, Shounen",TV,26,32742
31711,To LOVE-Ru Darkness 2nd Specials,"Comedy, Ecchi, Harem, Romance, School, Sci-Fi, Shounen",Special,2,22487
2265,Transformers the Movie,"Action, Mecha",Movie,1,6540
23249,Uchuu Senkan Yamato 2199: Hoshimeguru Hakobune,"Action, Drama, Military, Sci-Fi, Space",Movie,1,5431
202,Wolf&#039;s Rain,"Action, Adventure, Drama, Fantasy, Mystery, Sci-Fi",TV,26,171863
30370,Akatsuki no Yona OVA,"Action, Comedy, Fantasy, Shoujo",OVA,3,29398
9919,Ao no Exorcist,"Action, Demons, Fantasy, Shounen, Supernatural",TV,25,583823
1818,Claymore,"Action, Adventure, Demons, Fantasy, Shounen, Super Power, Supernatural",TV,26,316853
34036,Detective Conan: Episode One - Chiisaku Natta Meitantei,"Adventure, Comedy, Mystery, Police, Shounen",Special,1,2493
10090,Ghost in the Shell: Stand Alone Complex - Solid State Society 3D,"Mecha, Military, Mystery, Police, Sci-Fi, Seinen",Movie,1,7515
17895,Golden Time,"Comedy, Romance, Seinen",TV,24,273191
1824,Hadashi no Gen,"Drama, Historical",Movie,1,16474
4192,Hayate no Gotoku!!,"Action, Comedy, Harem, Parody, Romance",TV,25,67323
10357,Jinrui wa Suitai Shimashita,"Comedy, Fantasy, Seinen",TV,12,89373
30745,Kyoukai no Kanata Movie: I&#039;ll Be Here - Kako-hen - Yakusoku no Kizuna,Music,Special,1,10306
19489,Little Witch Academia: Mahoujikake no Parade,"Adventure, Comedy, Fantasy, Magic, School",Movie,1,53024
4472,Lucky☆Star: Original na Visual to Animation,"Comedy, Parody, School, Slice of Life",OVA,1,84833
19613,New Initial D Movie: Legend 1 - Kakusei,"Action, Cars, Seinen, Sports",Movie,1,7695
5530,Pandora Hearts,"Adventure, Fantasy, Mystery, Shounen, Supernatural",TV,25,229567
6591,Rurouni Kenshin DVD-BOX Special Ending,"Historical, Romance",Special,1,9695
10218,Berserk: Ougon Jidai-hen I - Haou no Tamago,"Action, Adventure, Demons, Fantasy, Military, Seinen, Supernatural",Movie,1,77103
388,Capeta,"Cars, Shounen, Sports",TV,52,9711
28999,Charlotte,"Drama, School, Super Power",TV,13,310137
1473,City Hunter &#039;91,"Action, Comedy, Mystery, Shounen",TV,13,6337
1379,Kino no Tabi: Nanika wo Suru Tame ni - Life Goes On.,"Adventure, Drama, Fantasy",Movie,1,26746
23293,Lupin the IIIrd: Jigen Daisuke no Bohyou,"Action, Adventure, Comedy, Drama, Seinen",Movie,1,5939
1910,Master Keaton OVA,"Adventure, Mystery",OVA,15,3205
33221,Mobile Suit Gundam Thunderbolt: December Sky,"Action, Drama, Mecha, Military, Sci-Fi, Space",Movie,1,2833
18897,Nisekoi,"Comedy, Harem, Romance, School, Shounen",TV,20,347599
31592,Pokemon XY&amp;Z,"Action, Adventure, Comedy, Fantasy, Kids",TV,47,15627
31380,To LOVE-Ru Darkness 2nd OVA,"Comedy, Ecchi, Harem, Romance, School, Sci-Fi, Shounen",OVA,3,18575
28677,Yamada-kun to 7-nin no Majo (TV),"Comedy, Harem, Mystery, Romance, School, Shounen, Supernatural",TV,12,193566
7193,Aoi Bungaku Series,"Drama, Historical, Psychological, Seinen, Thriller",TV,12,93074
1961,Arashi no Yoru ni,"Adventure, Comedy, Drama, Fantasy",Movie,1,11458
21405,Bokura wa Minna Kawaisou,"Comedy, Romance, School, Slice of Life",TV,12,159793
6024,Chi&#039;s Sweet Home: Atarashii Ouchi,"Comedy, Kids, Slice of Life",TV,104,16670
2761,Densetsu Kyojin Ideon: Hatsudou-hen,"Drama, Mecha, Sci-Fi, Space",Movie,1,2963
1491,Ginga Tetsudou 999,"Adventure, Drama, Sci-Fi, Space",TV,113,12672
106,Hana yori Dango,"Drama, Romance, School, Shoujo",TV,51,28341
5835,Hanasakeru Seishounen,"Drama, Romance, Shoujo",TV,39,37051
3604,Hidamari Sketch x 365,"Comedy, School, Slice of Life",TV,13,19180
11237,Hidamari Sketch x SP,"Comedy, School, Slice of Life",Special,2,7999
2828,Ie Naki Ko,"Adventure, Drama, Historical, Kids, Slice of Life",TV,51,4479
4087,Michiko to Hatchin,"Action, Adventure",TV,22,82625
28881,New Initial D Movie: Legend 2 - Tousou,"Cars, Seinen, Sports",Movie,1,4641
21473,Persona 3 the Movie 2: Midsummer Knight&#039;s Dream,"Action, Fantasy, Seinen, Supernatural",Movie,1,27462
582,Sexy Commando Gaiden: Sugoiyo!! Masaru-san,"Comedy, Martial Arts, School, Shounen",TV,48,6473
8311,Tegamibachi Reverse,"Adventure, Fantasy, Shounen, Supernatural",TV,25,36228
21995,Ao Haru Ride,"Comedy, Drama, Romance, School, Shoujo, Slice of Life",TV,12,227417
532,Bishoujo Senshi Sailor Moon S,"Drama, Magic, Romance, Shoujo",TV,38,66911
552,Digimon Adventure,"Action, Adventure, Comedy, Fantasy, Kids",TV,54,182208
13629,Furiko,"Drama, Music, Romance, Slice of Life",Special,1,8809
7645,Heartcatch Precure!,"Action, Comedy, Fantasy, Magic, School, Shoujo, Slice of Life",TV,49,12825
249,InuYasha,"Action, Adventure, Comedy, Demons, Fantasy, Magic, Romance, Shounen, Supernatural",TV,167,281632
4886,InuYasha: Kuroi Tessaiga,"Adventure, Comedy, Demons, Fantasy, Magic, Romance, Shounen, Supernatural",Special,1,16373
451,InuYasha: Tenka Hadou no Ken,"Adventure, Comedy, Demons, Drama, Fantasy, Historical, Romance, Shounen, Supernatural",Movie,1,51079
9734,K-On!!: Keikaku!,"Comedy, Music, School, Slice of Life",Special,1,50496
433,"Kumo no Mukou, Yakusoku no Basho","Drama, Military, Romance, Sci-Fi",Movie,1,103975
6115,Lupin III vs. Detective Conan,"Action, Adventure, Comedy, Mystery, Shounen",Special,1,15220
80,Mobile Suit Gundam,"Action, Mecha, Military, Sci-Fi, Space",TV,43,51566
1092,Mobile Suit Gundam III: Encounters in Space,"Action, Adventure, Drama, Mecha, Military, Sci-Fi, Space",Movie,1,11343
20767,Noragami OVA,"Action, Adventure, Shounen",OVA,2,104775
10119,Seitokai Yakuindomo OVA,"Comedy, School, Shounen, Slice of Life",OVA,8,63265
1921,Urusei Yatsura Movie 2: Beautiful Dreamer,"Action, Adventure, Comedy, Drama, Romance, Sci-Fi",Movie,1,5663
1562,Yamato Nadeshiko Shichihenge♥,"Comedy, Shoujo",TV,25,92088
11111,Another,"Horror, Mystery, School, Supernatural, Thriller",TV,12,534657
32863,Ansatsu Kyoushitsu (TV) 2nd Season: Kagaijugyou-hen,"Action, Comedy, School, Shounen",ONA,8,7999
11737,Ao no Exorcist Movie,"Action, Demons, Fantasy, Shounen, Supernatural",Movie,1,105183
28249,Arslan Senki (TV),"Action, Adventure, Drama, Fantasy, Historical, Shounen",TV,25,152811
13535,Binbougami ga!,"Comedy, Parody, Shounen, Supernatural",TV,13,117091
1520,Black Jack,Drama,OVA,12,14414
28121,Dungeon ni Deai wo Motomeru no wa Machigatteiru Darou ka,"Action, Adventure, Comedy, Fantasy, Romance",TV,13,336349
30191,Durarara!!x2 Shou: Watashi no Kokoro wa Nabe Moyou,"Action, Mystery, Supernatural",Special,1,22774
10497,Hetalia World Series Specials,"Comedy, Historical, Parody",Special,4,14348
6862,K-On!: Live House!,"Comedy, Music, School, Slice of Life",Special,1,70787
251,Kyou kara Maou!,"Adventure, Comedy, Demons, Fantasy, Shoujo",TV,78,58150
18153,Kyoukai no Kanata,"Fantasy, Slice of Life, Supernatural",TV,12,359011
875,Mind Game,"Adventure, Comedy, Dementia, Psychological, Romance",Movie,1,32756
795,Oniisama e...,"Drama, School, Shoujo, Shoujo Ai",TV,39,11424
33994,Servamp Specials,Comedy,Special,3,5973
18397,Shingeki no Kyojin OVA,"Action, Drama, Fantasy, Shounen, Super Power",OVA,3,121063
29830,Tamayura: Sotsugyou Shashin Part 3 - Akogare,"Comedy, Drama, Slice of Life",Movie,1,3089
16870,The Last: Naruto the Movie,"Action, Martial Arts, Romance, Shounen, Super Power",Movie,1,85013
479,The Law of Ueki,"Adventure, Comedy, Drama, Shounen, Supernatural",TV,51,60027
15197,Code Geass: Boukoku no Akito 2 - Hikisakareshi Yokuryuu,"Action, Mecha, Military",Movie,1,61020
32189,Danganronpa 3: The End of Kibougamine Gakuen - Mirai-hen,"Action, Horror, Mystery, Psychological",TV,12,83343
31859,Hai to Gensou no Grimgar,"Action, Adventure, Drama, Fantasy",TV,12,213342
15451,High School DxD New,"Action, Comedy, Demons, Ecchi, Harem, Romance, School",TV,12,266657
33446,Huyao Xiao Hongniang: Yue Hong,"Comedy, Romance",ONA,13,1043
570,Jin-Rou,"Drama, Military, Police, Psychological, Romance",Movie,1,62464
5680,K-On!,"Comedy, Music, School, Slice of Life",TV,13,386048
2175,Kino no Tabi: The Beautiful World - Byouki no Kuni - For You,"Adventure, Drama, Fantasy",Movie,1,23453
1887,Lucky☆Star,"Comedy, Parody, School, Slice of Life",TV,24,305837
90,Mobile Suit Gundam Wing,"Action, Drama, Mecha, Military, Sci-Fi, Space",TV,49,86001
91,Mobile Suit Gundam Wing: Endless Waltz,"Action, Drama, Mecha, Military, Sci-Fi, Space",OVA,3,28485
2594,Piano no Mori,"Adventure, Comedy, Drama, Music, School, Seinen",Movie,1,24278
210,Ranma ½,"Comedy, Fantasy, Martial Arts, Slice of Life",TV,161,105212
1007,Ranma ½ OVA,"Comedy, Martial Arts, Romance, Shounen",OVA,6,16804
19775,Sidonia no Kishi,"Action, Mecha, Sci-Fi, Seinen, Space",TV,12,118341
534,Slayers,"Adventure, Comedy, Demons, Fantasy, Magic",TV,26,73476
9790,Sora no Otoshimono: Tokeijikake no Angeloid,"Comedy, Drama, Ecchi, Harem, Romance, Sci-Fi, Shounen, Supernatural",Movie,1,70391
2582,Soukou Kihei Votoms,"Action, Drama, Mecha, Military, Sci-Fi, Space",TV,52,9008
407,Tantei Gakuen Q,"Comedy, Drama, Mystery, Police, Shounen",TV,45,16591
6213,Toaru Kagaku no Railgun,"Action, Sci-Fi, Super Power",TV,24,231079
1000,Uchuu Kaizoku Captain Harlock,"Action, Adventure, Drama, Sci-Fi, Seinen, Space",TV,42,14869
1375,Watashi no Ashinaga Ojisan,"Comedy, Historical, Romance, School, Shoujo, Slice of Life",TV,40,5600
8514,Break Blade 2: Ketsubetsu no Michi,"Action, Fantasy, Mecha, Military, Shounen",Movie,1,44900
951,Chibi Maruko-chan,"Comedy, Shoujo, Slice of Life",TV,142,4739
12117,Detective Conan Movie 16: The Eleventh Striker,"Adventure, Comedy, Mystery, Police, Shounen, Sports",Movie,1,14938
2508,Genshiken 2,"Comedy, Parody, Slice of Life",TV,12,55825
19115,Giovanni no Shima,"Drama, Historical",Movie,1,10115
6904,Hellsing I: Digest for Freaks,"Action, Horror, Military, Seinen, Super Power, Supernatural, Vampire",OVA,1,20263
22125,Kuroko no Basket: Mou Ikkai Yarimasen ka,"Comedy, School, Shounen, Sports",Special,1,20397
4454,Macross F: Close Encounter - Deculture Edition,"Action, Mecha, Military, Music, Sci-Fi, Space",Special,1,8911
32547,Non Non Biyori Repeat OVA,"Comedy, School, Seinen, Slice of Life",OVA,1,9729
15959,Nurarihyon no Mago OVA,"Action, Demons, Shounen, Supernatural",OVA,2,11401
16239,One Piece: Episode of Luffy - Hand Island no Bouken,"Action, Adventure, Comedy, Fantasy, Shounen, Super Power",Special,1,21489
31772,One Punch Man Specials,"Action, Comedy, Parody, Sci-Fi, Seinen, Super Power, Supernatural",Special,6,75502
396,Seikai no Senki,"Action, Military, Romance, Sci-Fi, Space",TV,13,18580
8407,Sora no Otoshimono: Forte,"Comedy, Ecchi, Harem, Romance, Sci-Fi, Shounen, Supernatural",TV,12,146697
20057,Space☆Dandy,"Comedy, Sci-Fi, Space",TV,13,123529
9074,Arakawa Under the Bridge x Bridge,"Comedy, Romance, Seinen",TV,13,80394
7305,Detective Conan Movie 10: Promo Special,"Adventure, Comedy, Mystery, Police, Shounen",Special,1,4069
226,Elfen Lied,"Action, Drama, Horror, Psychological, Romance, Seinen, Supernatural",TV,13,623511
644,Hachimitsu to Clover Specials,"Comedy, Drama, Josei, Romance, Slice of Life",Special,2,21164
2405,Hello! Lady Lynn,Drama,TV,36,1757
15117,Kami nomi zo Shiru Sekai: Tenri-hen,"Comedy, Harem, Romance, Shounen, Supernatural",OVA,2,68623
10460,Kimi to Boku.,"Comedy, Drama, Romance, School, Shounen, Slice of Life",TV,13,86196
6050,Mahou Sensei Negima! Mou Hitotsu no Sekai,"Action, Adventure, Ecchi, Magic, Shounen, Supernatural",OVA,4,12413
444,Maria-sama ga Miteru: Haru,"Drama, Romance, School, Shoujo, Shoujo Ai",TV,13,14983
82,Mobile Suit Gundam 0080: War in the Pocket,"Adventure, Drama, Mecha, Military, Sci-Fi, Space",OVA,6,22609
15315,Mondaiji-tachi ga Isekai kara Kuru Sou Desu yo?,"Comedy, Fantasy, Supernatural",TV,10,218231
30347,Nanatsu no Taizai OVA,"Action, Adventure, Fantasy, Shounen, Supernatural",OVA,2,37540
31704,One Punch Man: Road to Hero,"Action, Comedy, Parody, Sci-Fi, Seinen, Super Power, Supernatural",OVA,1,94839
1699,Romeo x Juliet,"Drama, Fantasy, Historical, Romance",TV,24,91530
517,School Rumble Ichi Gakki Hoshuu,"Comedy, Romance, School, Shounen",OVA,2,40868
29829,Tamayura: Sotsugyou Shashin Part 2 - Hibiki,"Comedy, Drama, Slice of Life",Movie,1,3304
30868,Ajin Part 1: Shoudou,"Action, Horror, Mystery, Seinen, Supernatural",Movie,1,22279
22199,Akame ga Kill!,"Action, Adventure, Fantasy",TV,24,492133
14941,AKB0048: Next Stage,"Music, Sci-Fi",TV,13,22302
978,Change!! Getter Robo: Sekai Saigo no Hi,"Action, Adventure, Horror, Mecha, Psychological, Sci-Fi, Shounen",OVA,13,5606
2994,Death Note Rewrite,"Mystery, Police, Psychological, Supernatural, Thriller",Special,2,88699
14735,Detective Conan Movie 17: Private Eye in the Distant Sea,"Adventure, Comedy, Mystery, Police, Shounen",Movie,1,12963
10350,Hakuouki Sekkaroku,"Action, Demons, Drama, Fantasy, Historical, Josei",OVA,6,14725
20431,Hoozuki no Reitetsu,"Comedy, Fantasy, Supernatural",TV,13,47619
15487,Kuroko no Basket NG-shuu,"Comedy, School, Shounen, Sports",Special,9,32215
1462,Memories,"Drama, Horror, Psychological, Sci-Fi",Movie,3,38643
13667,Naruto: Shippuuden Movie 6 - Road to Ninja,"Action, Adventure, Martial Arts, Shounen, Super Power",Movie,1,87369
28927,Owari no Seraph: Nagoya Kessen-hen,"Action, Drama, Shounen, Supernatural, Vampire",TV,12,190058
398,Seikai no Senki III,"Action, Military, Romance, Sci-Fi, Space",OVA,2,11044
20847,Seitokai Yakuindomo*,"Comedy, School, Shounen, Slice of Life",TV,13,98544
2451,Space Cobra,"Action, Adventure, Sci-Fi, Space",TV,31,6919
8937,Toaru Majutsu no Index II,"Action, Magic, Sci-Fi, Super Power",TV,24,184520
12883,Tsuritama,"Comedy, Sci-Fi, Slice of Life, Sports",TV,12,90625
30413,Yowamushi Pedal Movie,"Comedy, Drama, Shounen, Sports",Movie,1,8838
30902,Yuru Yuri Nachuyachumi!+,"Comedy, Shoujo Ai, Slice of Life",Special,2,19586
6347,Baka to Test to Shoukanjuu,"Comedy, Romance, School, Super Power",TV,13,301282
3841,Chi&#039;s Sweet Home,"Comedy, Slice of Life",TV,104,36307
8086,Densetsu no Yuusha no Densetsu,"Action, Adventure, Fantasy, Magic, Shounen",TV,24,130689
9982,Fairy Tail OVA,"Comedy, Ecchi, Fantasy, Magic, Shounen",OVA,5,83421
1888,Ichigo Mashimaro OVA,"Comedy, School, Slice of Life",OVA,3,15085
33082,Kingsglaive: Final Fantasy XV,Action,Movie,1,15508
1096,Mobile Police Patlabor 2: The Movie,"Drama, Mecha, Mystery, Police, Sci-Fi",Movie,1,11957
14407,Persona 3 the Movie 1: Spring of Birth,"Action, Fantasy, Seinen, Supernatural",Movie,1,45568
1719,Rozen Maiden: Ouvertüre,"Action, Comedy, Drama, Magic, Seinen",Special,2,44388
290,Seikai no Monshou,"Action, Military, Romance, Sci-Fi, Space",TV,13,26379
154,Shaman King,"Action, Adventure, Comedy, Drama, Shounen, Supernatural",TV,64,169517
11757,Sword Art Online,"Action, Adventure, Fantasy, Game, Romance",TV,25,893100
5074,Tetsuwan Birdy Decode:02,"Action, Comedy, Sci-Fi",TV,12,29622
31733,Bishoujo Senshi Sailor Moon Crystal Season III,"Demons, Magic, Romance, Shoujo",TV,13,16530
1690,Bokurano,"Drama, Mecha, Psychological, Sci-Fi",TV,24,81408
4177,Bounen no Xamdou,"Action, Military, Sci-Fi",ONA,26,79026
10092,Break Blade 6: Doukoku no Toride,"Action, Mecha, Military, Shounen",Movie,1,39077
9785,Detective Conan: Conan vs. Kid - Shark &amp; Jewel,"Adventure, Comedy, Kids, Mystery, Police, Shounen",Movie,1,2688
985,Dragon Ball Z Special 2: Zetsubou e no Hankou!! Nokosareta Chousenshi - Gohan to Trunks,"Adventure, Drama, Fantasy, Shounen",Special,1,43673
18055,Hakkenden: Touhou Hakken Ibun 2nd Season,"Action, Fantasy, Shoujo, Supernatural",TV,13,33466
6984,Hidamari Sketch x 365 Specials,"Comedy, School, Slice of Life",Special,3,10720
27991,K: Return of Kings,"Action, Super Power, Supernatural",TV,13,114904
21659,Kill la Kill Special,"Action, Comedy, School, Super Power",Special,1,83795
3545,Kochira Katsushikaku Kameari Kouenmae Hashutsujo (TV),"Comedy, Police, Slice of Life",TV,373,4734
474,Macross Plus,"Drama, Mecha, Military, Romance, Sci-Fi, Space",OVA,4,23138
1211,Macross Plus Movie Edition,"Action, Adventure, Mecha, Military, Romance, Sci-Fi, Space",Movie,1,8405
9510,Mitsudomoe Zouryouchuu!,"Comedy, School, Slice of Life",TV,8,26468
5751,Prince of Tennis: Another Story - Messages From Past and Future,"Comedy, School, Shounen, Sports",OVA,4,9487
3515,Saint Seiya: Meiou Hades Elysion-hen,"Action, Fantasy, Shounen, Super Power",OVA,6,19044
13663,To LOVE-Ru Darkness,"Comedy, Ecchi, Harem, Romance, School, Sci-Fi, Shounen",TV,12,135929
13851,To LOVE-Ru Darkness OVA,"Comedy, Ecchi, Harem, Romance, School, Sci-Fi, Shounen",OVA,6,57166
6956,Working!!,"Comedy, Slice of Life",TV,13,189367
9441,Yume-iro Pâtissière SP Professional,"Shoujo, Slice of Life",TV,13,20397
233,Daa! Daa! Daa!,"Comedy, Sci-Fi, Shoujo",TV,78,12673
2397,Digimon Adventure: Bokura no War Game!,"Adventure, Comedy, Kids, Sci-Fi",Movie,1,37078
345,Eikoku Koi Monogatari Emma,"Drama, Historical, Romance, Seinen, Slice of Life",TV,12,23877
71,Full Metal Panic!,"Action, Comedy, Mecha, Military, Sci-Fi",TV,24,256325
10793,Guilty Crown,"Action, Drama, Sci-Fi, Super Power",TV,22,460959
9760,Hoshi wo Ou Kodomo,"Adventure, Fantasy, Romance",Movie,1,76286
160,"Ima, Soko ni Iru Boku","Adventure, Drama, Fantasy, Military, Sci-Fi",TV,13,56839
3713,Jigoku Shoujo Mitsuganae,"Mystery, Psychological, Supernatural",TV,26,58993
2593,Kara no Kyoukai 1: Fukan Fuukei,"Action, Mystery, Supernatural, Thriller",Movie,1,178880
2454,Kimagure Orange☆Road: Ano Hi ni Kaeritai,"Comedy, Drama, Romance, Shounen, Slice of Life",Movie,1,4368
32380,Kono Subarashii Sekai ni Shukufuku wo! OVA,"Comedy, Fantasy",OVA,1,46823
33263,Kubikiri Cycle: Aoiro Savant to Zaregototsukai,"Action, Drama, Mystery, Supernatural",OVA,8,19317
13203,Lupin the Third: Mine Fujiko to Iu Onna,"Action, Adventure, Comedy, Ecchi, Samurai, Seinen",TV,13,22796
2963,Minami-ke,"Comedy, School, Slice of Life",TV,13,105471
87,Mobile Suit Gundam: Char&#039;s Counterattack,"Drama, Mecha, Military, Sci-Fi, Space",Movie,1,19258
20,Naruto,"Action, Comedy, Martial Arts, Shounen, Super Power",TV,220,683297
31953,New Game!,"Comedy, Slice of Life",TV,12,91932
28069,Shigatsu wa Kimi no Uso: Moments,"Music, Shounen",OVA,1,41368
1002,Top wo Nerae 2! Diebuster,"Action, Comedy, Mecha, Sci-Fi, Space",OVA,6,38691
9471,Baka to Test to Shoukanjuu: Matsuri,"Comedy, School, Super Power",OVA,2,67684
150,Blood+,"Action, Drama, Horror, Military, Mystery, Supernatural, Vampire",TV,50,208321
60,Chrno Crusade,"Action, Demons, Historical, Romance, Supernatural",TV,24,140865
19671,Free!: FrFr - Short Movie,"Comedy, Sports",Special,7,35956
120,Fruits Basket,"Comedy, Drama, Fantasy, Romance, Shoujo, Slice of Life",TV,26,242553
74,Gakuen Alice,"Comedy, Magic, School, Shoujo",TV,26,52995
30364,Haikyuu!! Movie 2: Shousha to Haisha,"Comedy, Drama, School, Shounen, Sports",Movie,1,10558
8426,Hourou Musuko,"Drama, School, Slice of Life",TV,11,53426
33209,Huyao Xiao Hongniang: Wangquan Fugui,"Comedy, Romance, Supernatural",ONA,14,1119
2547,Shoukoujo Sara,"Drama, Historical, Shoujo, Slice of Life",TV,46,7515
22101,Soredemo Sekai wa Utsukushii,"Adventure, Fantasy, Romance, Shoujo",TV,12,99462
182,Tenkuu no Escaflowne,"Adventure, Fantasy, Mecha, Romance, Shoujo",TV,26,83437
21867,The Disappearance of Conan Edogawa: The Worst Two Days in History,"Adventure, Comedy, Mystery, Police, Shounen",Special,1,3735
28979,To LOVE-Ru Darkness 2nd,"Comedy, Ecchi, Harem, Romance, School, Sci-Fi, Shounen",TV,12,73909
16011,Tokyo Ravens,"Comedy, School, Shounen, Super Power, Supernatural",TV,24,171384
22819,Aikatsu! Movie,"Music, School, Shoujo, Slice of Life",Movie,1,2813
9062,Angel Beats! Specials,"Action, Comedy, School, Supernatural",Special,2,139013
477,Aria The Animation,"Fantasy, Sci-Fi, Shounen, Slice of Life",TV,13,76913
6772,Break Blade 1: Kakusei no Toki,"Action, Fantasy, Mecha, Military, Shounen",Movie,1,58184
2450,Crayon Shin-chan Movie 09: Arashi wo Yobu Mouretsu! Otona Teikoku no Gyakushuu,"Comedy, Ecchi, Kids, School, Shounen, Slice of Life",Movie,1,2688
5177,Denpa-teki na Kanojo,"Mystery, School, Thriller",OVA,2,85409
2229,Dragon Quest: Dai no Daibouken,"Adventure, Comedy, Demons, Fantasy, Magic, Martial Arts, Shounen",TV,46,8999
6927,Higashi no Eden Soushuuhen: Air Communication,"Comedy, Mystery, Romance",Movie,1,20059
4811,Ichigo Mashimaro Encore,"Comedy, Slice of Life",OVA,2,12790
13403,Inu x Boku SS Special,"Comedy, Shounen, Supernatural",Special,1,46803
228,Jigoku Shoujo,"Horror, Mystery, Psychological, Supernatural",TV,26,172415
30952,New Initial D Movie: Legend 3 - Mugen,"Cars, Seinen, Sports",Movie,1,3479
24135,Nobunaga Concerto,"Historical, Romance, Shounen",TV,10,25167
8795,Panty &amp; Stocking with Garterbelt,"Action, Comedy, Ecchi, Parody, Supernatural",TV,13,157642
12021,Poyopoyo Kansatsu Nikki,"Comedy, Seinen, Slice of Life",TV,52,13832
17249,Pretty Rhythm: Rainbow Live,"Music, Shoujo, Slice of Life, Sports",TV,51,4838
1011,Ranma ½ Super,"Adventure, Comedy, Martial Arts, Romance, Shounen, Supernatural",OVA,3,9936
18119,Servant x Service,"Comedy, Slice of Life",TV,13,81037
2787,Shakugan no Shana II (Second),"Action, Drama, Fantasy, Romance, School, Supernatural",TV,24,184525
6046,Tales of Vesperia: The First Strike,"Action, Adventure, Fantasy, Magic, Military",Movie,1,30524
9000,Toaru Hikuushi e no Tsuioku,"Adventure, Military, Romance",Movie,1,28857
10717,Towa no Quon 6: Towa no Quon,"Action, Super Power, Supernatural",Movie,1,18624
31580,Ajin,"Action, Horror, Mystery, Seinen, Supernatural",TV,13,160972
31483,"Akagami no Shirayuki-hime: Nandemonai Takaramono, Kono Page","Drama, Fantasy, Romance, Shoujo",OVA,1,20749
531,Bishoujo Senshi Sailor Moon R: The Movie,"Drama, Magic, Romance, Shoujo",Movie,1,33682
4596,Code Geass: Hangyaku no Lelouch Special Edition Black Rebellion,"Action, Mecha, Military, School, Super Power",OVA,1,23285
1015,Full Metal Panic! The Second Raid: Wari to Hima na Sentaichou no Ichinichi,Comedy,Special,1,51688
4725,Ga-Rei: Zero,"Action, Super Power, Supernatural, Thriller",TV,12,145102
6637,Higashi no Eden Movie II: Paradise Lost,"Action, Comedy, Drama, Mystery, Romance, Thriller",Movie,1,87062
255,Jungle wa Itsumo Hare nochi Guu Final,"Comedy, Slice of Life",OVA,7,7576
10790,Kore wa Zombie Desu ka? of the Dead,"Action, Comedy, Ecchi, Harem, Magic, Supernatural",TV,10,180032
23385,Kyoukai no Kanata: Shinonome,"Fantasy, Slice of Life, Supernatural",Special,1,42344
1418,Lupin III: Episode 0 &quot;First Contact&quot;,"Action, Adventure, Comedy, Mystery, Shounen",Special,1,4499
14511,Minami-ke Tadaima,"Comedy, School, Slice of Life",TV,13,31394
10389,Momo e no Tegami,"Drama, Supernatural",Movie,1,30519
7592,Nurarihyon no Mago,"Action, Demons, Shounen, Supernatural",TV,24,122976
31289,One Piece: Episode of Sabo - 3 Kyoudai no Kizuna Kiseki no Saikai to Uketsugareru Ishi,"Action, Adventure, Comedy, Drama, Fantasy, Shounen, Super Power",Special,1,11922
32729,Orange,"Drama, Romance, School, Sci-Fi, Shoujo",TV,13,165358
2112,Over Drive,"Shounen, Sports",TV,26,28007
208,R.O.D OVA,"Action, Adventure, Historical, Magic, Mystery, Sci-Fi",OVA,3,41701
30296,Rakudai Kishi no Cavalry,"Action, Ecchi, Fantasy, Romance, School",TV,12,188685
1008,Ranma ½ Specials,"Comedy, Drama, Romance, Shounen",OVA,2,11084
65,Rozen Maiden: Träumend,"Action, Comedy, Drama, Magic, Seinen",TV,12,72645
2499,Slam Dunk: Hoero Basketman-damashii! Hanamichi to Rukawa no Atsuki Natsu,"Comedy, Drama, School, Shounen, Slice of Life, Sports",Movie,1,7856
3470,Special A,"Comedy, Romance, School, Shoujo",TV,24,173603
540,Tenchi Muyou! Ryououki 2nd Season,"Action, Comedy, Harem, Sci-Fi, Shounen, Space",OVA,6,15837
26,Texhnolyze,"Action, Drama, Psychological, Sci-Fi",TV,22,95859
1293,Urusei Yatsura,"Action, Adventure, Comedy, Drama, Romance, Sci-Fi",TV,195,23020
856,Utawarerumono,"Action, Drama, Fantasy, Sci-Fi",TV,26,91034
9201,Air Gear: Kuro no Hane to Nemuri no Mori - Break on the Sky,"Action, Comedy, Ecchi, Shounen, Sports",OVA,3,40176
2214,Black Jack 21,"Action, Drama",TV,17,6063
32108,Digimon Adventure tri. 2: Ketsui,"Action, Adventure, Comedy, Drama",Movie,1,30684
123,Fushigi Yuugi,"Adventure, Comedy, Drama, Fantasy, Historical, Magic, Martial Arts, Romance, Shoujo",TV,52,61622
488,Ichigo Mashimaro,"Comedy, Slice of Life",TV,12,46333
3603,JoJo no Kimyou na Bouken: Phantom Blood,"Action, Adventure, Horror, Shounen, Vampire",Movie,1,8534
32268,Koyomimonogatari,"Comedy, Mystery, Supernatural",ONA,12,45632
7270,Mobile Suit Gundam 00 Special Edition,"Action, Drama, Mecha, Military, Sci-Fi",OVA,3,7087
1376,Ojamajo Doremi Na-i-sho,"Comedy, Fantasy, Magic, Shoujo",OVA,13,3620
464,One Piece Movie 6: Omatsuri Danshaku to Himitsu no Shima,"Adventure, Comedy, Fantasy, Shounen",Movie,1,37792
9745,Sengoku Basara Movie: The Last Party,"Action, Historical, Martial Arts, Samurai, Super Power",Movie,1,18267
21843,Shingeki no Bahamut: Genesis,"Action, Adventure, Demons, Fantasy, Magic, Supernatural",TV,12,143701
539,Tenchi Muyou! Ryououki,"Action, Comedy, Sci-Fi, Shounen, Space",OVA,6,25902
14227,Tonari no Kaibutsu-kun,"Comedy, Romance, School, Shoujo, Slice of Life",TV,13,349836
11319,Zero no Tsukaima F,"Adventure, Ecchi, Fantasy, Magic, Romance",TV,12,174026
24151,Ao Haru Ride OVA,"Romance, School, Shoujo, Slice of Life",OVA,2,46864
997,Bishoujo Senshi Sailor Moon S: Kaguya Hime no Koibito,"Adventure, Comedy, Drama, Fantasy, Magic, Romance, Shoujo",Movie,1,29394
24913,Bokura wa Minna Kawaisou: Hajimete no,"Comedy, Romance, School, Slice of Life",Special,1,20622
31478,Bungou Stray Dogs,"Action, Comedy, Mystery, Seinen, Supernatural",TV,12,187805
28479,Detective Conan Movie 19: The Hellfire Sunflowers,"Action, Mystery, Police, Shounen",Movie,1,8600
2471,Doraemon (1979),"Adventure, Comedy, Fantasy, Kids, Sci-Fi, Shounen",TV,1787,14233
240,Genshiken,"Comedy, Parody, Slice of Life",TV,12,104258
1301,Ginga Tetsudou 999 (Movie),"Adventure, Drama, Fantasy, Sci-Fi, Space",Movie,1,7237
18619,Girls und Panzer: Kore ga Hontou no Anzio-sen Desu!,"Military, School",OVA,1,16143
9065,Hakuouki Hekketsuroku,"Action, Drama, Historical, Josei, Samurai, Supernatural",TV,10,49771
5060,Hetalia Axis Powers,"Comedy, Historical, Parody",ONA,52,144898
3731,Itazura na Kiss,"Comedy, Romance, Shoujo",TV,25,136279
1412,Lupin III,"Action, Adventure, Comedy, Shounen",TV,23,34373
20785,Mahouka Koukou no Rettousei,"Magic, Romance, School, Sci-Fi, Supernatural",TV,26,285317
2985,Majin Tantei Nougami Neuro,"Comedy, Demons, Mystery, Shounen, Supernatural",TV,25,42730
1483,Master Keaton,"Adventure, Mystery",TV,24,9610
10161,No.6,"Action, Sci-Fi",TV,11,168017
462,One Piece Movie 4: Dead End no Bouken,"Action, Adventure, Comedy, Fantasy, Shounen, Super Power",Movie,1,39946
5507,Senjou no Valkyria,"Action, Military, Romance",TV,26,77591
6444,Tegamibachi,"Adventure, Fantasy, Shounen, Supernatural",TV,25,70987
10715,Towa no Quon 4: Guren no Shoushin,"Action, Super Power, Supernatural",Movie,1,18545
95,Turn A Gundam,"Action, Adventure, Drama, Mecha, Military, Sci-Fi, Space",TV,50,20056
8247,Bleach Movie 4: Jigoku-hen,"Action, Comedy, Shounen, Super Power, Supernatural",Movie,1,94074
20031,D-Frag!,"Comedy, Game, School, Seinen",TV,12,154548
7471,Detective Conan Movie 09: Promo Special,"Adventure, Comedy, Mystery, Police, Shounen",Special,1,4172
986,Dragon Ball Z Special 1: Tatta Hitori no Saishuu Kessen,"Adventure, Comedy, Fantasy, Sci-Fi, Shounen",Special,1,46276
28669,Go! Princess Precure,"Action, Comedy, Fantasy, Magic, School, Shoujo, Slice of Life",TV,50,5098
2026,Hayate no Gotoku!,"Action, Comedy, Harem, Parody, Romance",TV,52,130085
450,InuYasha: Kagami no Naka no Mugenjo,"Adventure, Demons, Drama, Fantasy, Historical, Romance, Shounen, Supernatural",Movie,1,54854
32491,Kanojo to Kanojo no Neko: Everything Flows,"Psychological, Romance, Slice of Life",TV,4,38765
6624,Kara no Kyoukai Remix: Gate of Seventh Heaven,"Action, Mystery, Romance, Super Power, Thriller",Movie,1,24735
3466,Kino no Tabi: The Beautiful World - Tou no Kuni,"Adventure, Fantasy, Psychological",Special,1,19211
15439,"Kono Danshi, Ningyo Hiroimashita.","Fantasy, Shounen Ai",OVA,1,14775
19669,Kuroko no Basket: Baka ja Katenai no yo!,"Comedy, School, Shounen, Sports",OVA,1,26785
25015,Kyoukai no Kanata Movie: I&#039;ll Be Here - Kako-hen,"Action, Fantasy, Supernatural",Movie,1,42304
331,Mahoujin Guru Guru,"Adventure, Comedy, Fantasy, Magic, Shounen",TV,45,3725
33338,One Piece: Heart of Gold,"Action, Adventure, Comedy, Drama, Fantasy, Shounen",Special,1,17443
23777,Shingeki no Kyojin Movie 2: Jiyuu no Tsubasa,"Action, Drama, Fantasy, Shounen, Super Power",Movie,1,26958
10278,The iDOLM@STER,"Comedy, Drama, Music",TV,25,81155
2557,Trapp Ikka Monogatari,"Drama, Historical, Music, Romance",TV,40,2839
1830,Utawarerumono Specials,"Action, Comedy, Drama, Fantasy",Special,6,11149
24405,World Trigger,"Action, School, Sci-Fi, Shounen, Supernatural",TV,73,106872
4416,Yuusha-Ou GaoGaiGar Final Grand Glorious Gathering,"Action, Mecha, Sci-Fi, Super Power",TV,12,1780
740,Bishoujo Senshi Sailor Moon R,"Demons, Magic, Romance, Shoujo",TV,43,73305
2213,Black Jack (TV),Drama,TV,61,15552
371,Cardcaptor Sakura Movie 1,"Comedy, Drama, Fantasy, Magic, Shoujo",Movie,1,56327
7303,Detective Conan: Black History,"Adventure, Comedy, Mystery, Police, Shounen",Special,1,3603
430,Fullmetal Alchemist: The Conqueror of Shamballa,"Comedy, Drama, Fantasy, Historical, Military, Shounen",Movie,1,186465
1813,Genshiken OVA,"Comedy, Parody, Slice of Life",OVA,3,35493
16528,Hal,"Romance, Sci-Fi, Shoujo",Movie,1,50812
9288,Heartcatch Precure! Movie: Hana no Miyako de Fashion Show... Desu ka!?,"Fantasy, Kids, Magic, Shoujo",Movie,1,3309
6372,Higashi no Eden Movie I: The King of Eden,"Comedy, Drama, Mystery, Romance, Slice of Life, Thriller",Movie,1,101734
17,Hungry Heart: Wild Striker,"Comedy, Shounen, Slice of Life, Sports",TV,52,13469
3931,Initial D Battle Stage 2,"Action, Cars, Drama, Seinen, Sports",OVA,1,11015
24439,Kekkai Sensen,"Action, Fantasy, Shounen, Super Power, Supernatural, Vampire",TV,12,220573
23441,Love Stage!! OVA,"Comedy, Romance, Shounen Ai",OVA,1,23631
1915,Mahou Shoujo Lyrical Nanoha StrikerS,"Action, Comedy, Drama, Magic, Super Power",TV,26,35442
323,Mousou Dairinin,"Drama, Mystery, Police, Psychological, Supernatural, Thriller",TV,13,137687
2313,Muumindani no Suisei,"Adventure, Comedy, Fantasy, Kids",Movie,1,4344
584,Noein: Mou Hitori no Kimi e,"Adventure, Drama, Sci-Fi, Slice of Life",TV,24,56244
24543,Persona 3 the Movie 3: Falling Down,"Action, Fantasy, Seinen, Supernatural",Movie,1,19928
6634,Sengoku Basara Two,"Action, Historical, Martial Arts, Samurai, Super Power",TV,12,42798
355,Shakugan no Shana,"Action, Drama, Fantasy, Romance, School, Supernatural",TV,24,297058
30549,Soukyuu no Fafner: Dead Aggressor - Exodus 2nd Season,"Action, Drama, Mecha, Military, Sci-Fi",TV,13,6787
1279,Taiyou no Ko Esteban,"Adventure, Historical, Sci-Fi",TV,39,5424
10033,Toriko,"Action, Adventure, Comedy, Fantasy, Shounen",TV,147,54790
11531,UN-GO: Inga-ron,"Mystery, Supernatural",Movie,1,23340
966,Crayon Shin-chan,"Comedy, Ecchi, Kids, School, Shounen, Slice of Life",TV,Unknown,26267
25341,Diamond no Ace OVA,"Comedy, School, Shounen, Sports",OVA,3,7376
10534,Doraemon Movie 31: Shin Nobita to Tetsujin Heidan - Habatake Tenshi-tachi,"Adventure, Comedy, Fantasy, Kids, Shounen",Movie,1,1317
32979,Flip Flappers,"Comedy, Sci-Fi",TV,13,40945
132,GetBackers,"Action, Comedy, Drama, Mystery, Shounen, Super Power, Supernatural",TV,49,73536
14467,K,"Action, Super Power, Supernatural",TV,13,297051
8532,Katekyo Hitman Reborn! Special,"Comedy, Shounen",ONA,1,19991
1606,Kekkaishi,"Adventure, Comedy, Fantasy, Shounen",TV,52,61884
